filename,label
5260_B737alqFiYV.jpg,0
37612_B8Tlirvnjjl.jpg,0
7395_B79gwjJhUZp.jpg,0
18249_B7_oQtMgT_E.jpg,0
33775_B8Qprjdgga3.jpg,0
5854_B71Lb4NlJu3.jpg,0
27871_B8L8kIoJiYI.jpg,0
188_B7yZg-mhAtW.jpg,0
15269_B8CUO1gBvOl.jpg,0
11494_B76KzkAJkO3.jpg,0
18129_B8AUNs1J8Ab.jpg,1
25846_B8KpZRFjE9c.jpg,0
37015_B8VO5Xnjorl.jpg,0
12429_B75lElTl5CP.jpg,0
21583_B8EMY5UAef6.jpg,0
5114_B72f_UjHojZ.jpg,0
22769_B8FvZvopsPO.jpg,0
27138_B8MGOVVlHV7.jpg,0
19687_B8Gy2GeAnvR.jpg,0
3085_B72jILtJXEM.jpg,0
19012_B8F31c1l9zz.jpg,0
30603_B8Pr-ovn_Sx.jpg,1
36889_B8T6gGYJWHY.jpg,0
10340_B76bsriiVtO.jpg,0
260_B7yXcBciPNt.jpg,0
7266_B74-ySvhHpF.jpg,0
3239_B74ZFTWB5tq.jpg,0
63_B7xwzF6AyHP.jpg,0
31904_B8NnJAnn_lS.jpg,0
37115_B8VIiSMqS2T.jpg,0
36147_B8TTGxuF2wa.jpg,0
12896_B8CcLpHlZDz.jpg,0
25808_B8LqnnKAT-3.jpg,0
16206_B8CBdfop72T.jpg,0
27190_B8J09e1lmRl.jpg,0
33835_B8Np8pQJJBH.jpg,0
28339_B8MjxFxHGtZ.jpg,0
26050_B8Mo6e4lW5y.jpg,0
17105_B7-QbBYlx_V.jpg,0
26351_B8JY4EbFTUC.jpg,0
12541_B74a8munhlq.jpg,0
12684_B7_qed3p12D.jpg,0
1759_B7xyTLoAG9C.jpg,0
3044_B72OFv-l-K5.jpg,0
35914_B8TB7tknpcF.jpg,1
33863_B8OuzIuAJ0F.jpg,0
33581_B8RKCxhl4tf.jpg,0
23532_B8HFvFfALi5.jpg,0
3071_B73U9XQneOt.jpg,0
13861_B7_J0Megd8i.jpg,0
21676_B8Et6I_ohz7.jpg,0
20730_B8EC64Xgdl3.jpg,1
14918_B7_R-31J7uC.jpg,0
10488_B76ceS9hoiA.jpg,0
8881_B79Rp6DBRsx.jpg,0
15119_B8Au25TA01m.jpg,0
12851_B8ByJkPB9MI.jpg,0
28228_B8MaU67gs5A.jpg,0
34427_B8P6XBoAJD_.jpg,0
9584_B773SHLpQH0.jpg,0
3339_B74J3j1gyhN.jpg,0
31338_B8RXrivpeUW.jpg,0
20375_B8E7IT_AzKj.jpg,1
21275_B8Di2j_HauT.jpg,1
23484_B8EdCYNpI78.jpg,0
15363_B7-5ZQiHZ4o.jpg,0
32038_B8OWSTqgQvx.jpg,0
21413_B8Equlen0Ax.jpg,0
22140_B8Dh1GuHVOG.jpg,0
35138_B8PgVkBhuQN.jpg,1
37733_B8S7tIvnckK.jpg,1
3198_B74LybFnEk-.jpg,0
31676_B8Ns4kElCOH.jpg,0
16065_B8ALDKogGMa.jpg,0
16779_B7-OFG5J7oS.jpg,0
24536_B8LbTdeFZVQ.jpg,0
25373_B8JuZ0tl_bh.jpg,0
24573_B8IEKQGnLvz.jpg,0
19113_B8HGR9ZlL-e.jpg,1
11469_B77YHYLJzIB.jpg,0
5041_B7z3O0YDo2R.jpg,1
7565_B74_jXFH5HO.jpg,0
9930_B77M73ch8Js.jpg,0
141_B7yBV6eJbRI.jpg,0
10879_B75-JXXhCE3.jpg,0
36686_B8SsyPSA5g6.jpg,1
38263_B8UgKolFMdf.jpg,0
21954_B8ExGBvloiK.jpg,0
27825_B8KYI8hjPPH.jpg,0
22572_B8E8MwonTDH.jpg,0
2760_B70AkzNp2pU.jpg,0
23173_B8FwOjgB2s2.jpg,1
12349_B75zXphlzCe.jpg,0
26824_B8IyKnZIU2J.jpg,0
34429_B8QYDoCnHwN.jpg,0
7320_B75uN53HG50.jpg,1
33402_B8NeTtUnhkE.jpg,0
27854_B8LfIbKDtDr.jpg,0
36849_B8VBQv3FOan.jpg,0
30183_B8RSvX9Jd8k.jpg,0
10608_B751vZ1pxhA.jpg,0
13283_B79xGdLFegL.jpg,0
24065_B8LIWeKHORc.jpg,1
11313_B79OLT7FZVV.jpg,0
19567_B8Hj_VVnVWx.jpg,0
10282_B75nkmpg3s-.jpg,0
30388_B8OQaU_lot_.jpg,0
17974_B8CSHpcpni7.jpg,0
2551_B72tV_3gSoD.jpg,1
9924_B75kyZYHwQe.jpg,0
5320_B70vpoMpGpX.jpg,0
27016_B8MatDWi1yB.jpg,0
4781_B73uzKlFIlj.jpg,0
3274_B720k6Jh-pC.jpg,0
34643_B8RG5jxhMco.jpg,0
4789_B70dyaFJx5l.jpg,0
30135_B8NzlVehevn.jpg,0
34194_B8O89BehgnM.jpg,0
27706_B8JJW47g5Ll.jpg,0
21298_B8FJ0PXl0zM.jpg,0
37982_B8TXanyhOPZ.jpg,0
18779_B8D7RI9Bldf.jpg,0
7306_B78gyS8haSk.jpg,1
5384_B71Wjq6hUHN.jpg,0
20104_B8GHCy4F5kc.jpg,0
31221_B8RFgRpIO6G.jpg,0
11386_B76axXCJw69.jpg,0
24075_B8MkSvwAmbL.jpg,1
6817_B73UjGsK2OU.jpg,0
23879_B8LQmTNp9_z.jpg,0
16416_B8AflE9BjVU.jpg,0
37642_B8TODn0BX24.jpg,0
32670_B8PAUpDJAxL.jpg,0
14971_B793um3A7-w.jpg,0
29876_B8QR_MTnrLw.jpg,0
32032_B8RiEEyFNj4.jpg,0
6889_B73wb_2FDy-.jpg,0
36642_B8S5PA5hMin.jpg,1
33482_B8Osi21p3xL.jpg,0
20844_B8C_RkrANjm.jpg,0
11901_B75ZXgjHihs.jpg,0
1391_B7xwB2mjBE5.jpg,0
717_B7y0BUJB8Qx.jpg,0
21855_B8HE_6sJSCf.jpg,0
4160_B73KrosgcyB.jpg,0
15686_B7-pDUCnOV5.jpg,0
31038_B8PQV0Wg7ZZ.jpg,0
24555_B8MNSDfH0lz.jpg,0
4944_B71Wuj9hGFJ.jpg,0
22430_B8FhFLiB4AJ.jpg,0
19896_B8DlenFnIdO.jpg,0
24929_B8LDPagJ_GV.jpg,0
9150_B74cxJpHy5t.jpg,1
35916_B8S89vaAmHj.jpg,0
21617_B8DRfivFqlm.jpg,0
31843_B8O6-L6FXO3.jpg,0
5955_B7zd8VaBcuu.jpg,0
20039_B8Gx9abJZYS.jpg,0
35948_B8TLVaWJWhc.jpg,1
2142_B70wu9jnhgM.jpg,1
3556_B70SP79F2_F.jpg,1
36460_B8SOoGNhbat.jpg,0
4913_B70i4p1jE2z.jpg,0
35174_B8RRRdLAtgl.jpg,0
36484_B8URbRzH4F_.jpg,0
32017_B8SCshgBskC.jpg,0
31848_B8Ngd90hSgR.jpg,0
14255_B79mAeYHyEI.jpg,0
29035_B8MoS2UACJV.jpg,1
35216_B8TP4UgnqhU.jpg,0
8083_B75vWzWFU1p.jpg,1
17433_B8BUbPDn2yd.jpg,0
20663_B8EP6dqAt1U.jpg,1
34537_B8OJ94FBwhb.jpg,0
4717_B71wuU-pV7X.jpg,0
17497_B7-15DGAZrH.jpg,0
18369_B8D0UkOntEd.jpg,1
35926_B8UzjL0JTWy.jpg,0
23871_B8Ji7ZTFlIA.jpg,0
13262_B7_HSnwBzAt.jpg,0
23781_B8Ii9i5hM23.jpg,0
27453_B8KaZ4ZFTLK.jpg,0
24898_B8JeNh5HXFU.jpg,0
7644_B75z2MvBh4e.jpg,0
20138_B8DEdAzB4cv.jpg,0
8790_B74s1fQg4B7.jpg,0
26696_B8Lb_rQAXam.jpg,0
12083_B78LxWTl4al.jpg,0
6892_B73H8u2gdcC.jpg,0
21392_B8GMuFjA6QS.jpg,0
34028_B8PSgX1ppx9.jpg,0
23803_B8LcIHtB9qi.jpg,0
13452_B8B3GzLlxNU.jpg,0
6010_B7z4UgwJVXR.jpg,0
16020_B8CDiZnlcj9.jpg,0
30605_B8Okr4LgC2L.jpg,0
3738_B73J6yDgMRt.jpg,0
15939_B8CBT9go78O.jpg,0
35490_B8TcNlroHYf.jpg,0
37264_B8VJD9dAly0.jpg,0
37509_B8TLhPnhg7W.jpg,0
4601_B7z0WliFa_f.jpg,0
29706_B8OQk2qntSh.jpg,0
29180_B8KqMM3Jhln.jpg,0
28497_B8JToTcBZ0g.jpg,0
9580_B75XoFshMli.jpg,0
31896_B8RDt2ynJfS.jpg,1
13617_B7-HPJrgkT4.jpg,0
26225_B8I8CG3h-eR.jpg,0
37972_B8Tnk6Rjkgo.jpg,0
10913_B768kAPpoU8.jpg,0
17926_B7_7dvXpzvP.jpg,0
18875_B8GmgylhY7p.jpg,0
10137_B78ciDjB-Nj.jpg,1
3772_B72BCAMHU9p.jpg,0
17818_B7-V0WpnRit.jpg,0
15032_B7_YOWSl9b8.jpg,0
10514_B75kkWUHI88.jpg,1
19604_B8DZq4_lzp-.jpg,0
17176_B8CKdHBlpvz.jpg,0
34449_B8RDjiHnPGP.jpg,0
13539_B8B0LY1nJAx.jpg,0
5974_B71iV6qBLZl.jpg,0
27580_B8K-PgwBxfr.jpg,1
1622_B7y1soQHWoB.jpg,0
16521_B7-rT5eAV1r.jpg,0
19328_B8FRUVOFDfr.jpg,0
2497_B74Tn4-FRIm.jpg,0
30463_B8QfkoJgy1u.jpg,0
14018_B8Bw4YMgMGh.jpg,0
32560_B8SElmMlUFt.jpg,0
22984_B8GNKIfHDdL.jpg,0
10533_B77gxB6p5gu.jpg,0
12126_B74ueQSnh8e.jpg,0
37671_B8SlTNeHbeB.jpg,0
19988_B8GchhSJOaA.jpg,0
33520_B8OxCobpzgp.jpg,0
16690_B8CUHSsHxSk.jpg,0
35064_B8PrjCwgvHx.jpg,0
33783_B8Q_nemHspW.jpg,0
23813_B8JhkDIIaT7.jpg,0
22184_B8FvBcgF45y.jpg,0
14893_B8BBh7MCOmA.jpg,0
6548_B71iQULBsTl.jpg,0
12387_B75sS1dpc6H.jpg,0
8926_B79Ny2DBSmB.jpg,0
14753_B7_BhBoguvh.jpg,1
13107_B8CcZrBAvSm.jpg,0
19334_B8DdJLYFeuq.jpg,0
26974_B8KrsmbAkAL.jpg,0
30872_B8ReN6pgyUl.jpg,0
7904_B79HU1flhPx.jpg,0
8048_B77SeODj6aA.jpg,1
14330_B8BBIvsD-Re.jpg,0
20196_B8FIDQVp6XY.jpg,0
15862_B8Cau5llSRW.jpg,0
36830_B8T2ieso4aJ.jpg,0
12692_B8AMp0QBMZT.jpg,0
23263_B8DDZ-qARtq.jpg,0
31072_B8NoL2HJUVi.jpg,0
2333_B712yXdDfNG.jpg,0
28778_B8L9Pf6FquN.jpg,0
5629_B738DQnJGp2.jpg,0
30129_B8RTpewpviI.jpg,0
305_B7yJzWbB6Bq.jpg,0
1750_B7x53WhnpVh.jpg,0
11213_B79ReAepM5t.jpg,0
37371_B8UCt97nR13.jpg,0
26729_B8JMoJhh8WO.jpg,1
37746_B8TL8I2FNlW.jpg,0
30959_B8M9GC4h8Jb.jpg,0
2547_B72dxzFHIac.jpg,0
3110_B70xsGepCnw.jpg,1
17507_B7-JsYVJh7n.jpg,0
34349_B8RV-rjHs8W.jpg,0
2393_B74Dygij79q.jpg,0
35446_B8TSfs8g9g2.jpg,0
7971_B772sWjFOhK.jpg,0
9717_B75ySRZAkz2.jpg,1
20780_B8D3pU-JOus.jpg,0
21199_B8BIz3jg1aJ.jpg,0
35596_B8UxRO9Jg1u.jpg,0
25082_B8MAHa_FH8T.jpg,1
37001_B8TrC6bJn08.jpg,0
23668_B8Ld3YvhzVA.jpg,0
28546_B8MXugFH6hV.jpg,0
33680_B8QLCX7H26p.jpg,1
5531_B7zUcbIH23d.jpg,0
32440_B8OpVTTAz3s.jpg,0
32050_B8Rsp2lhKnx.jpg,0
33919_B8O1DS1JRD0.jpg,0
30007_B8QkDPYpyID.jpg,0
32046_B8Pyea3g-Qm.jpg,0
17465_B8A4RTZHsIN.jpg,0
31461_B8Q5MXZHdJT.jpg,0
17929_B8ADC7vA45m.jpg,0
993_B7xovpOJrJX.jpg,0
35192_B8SiE2tBjeF.jpg,1
32571_B8OIWtYHrM0.jpg,1
27413_B8LLoPoBW7A.jpg,0
27362_B8JlFZ9BmRn.jpg,0
11554_B79V4UDAnjU.jpg,0
34430_B8NR4tQJAjd.jpg,0
16568_B7_0iNClW8d.jpg,0
27433_B8I-UG2INKy.jpg,1
3646_B72iW1xB68w.jpg,0
9520_B78tfQRn0sG.jpg,0
18552_B8DtUwpC8Rm.jpg,0
15922_B7_bSWKAm_O.jpg,0
16486_B8BM4jKo4UN.jpg,0
28974_B8MQLVEFoRi.jpg,0
24562_B8MZkqEFUha.jpg,0
27169_B8KiAein_Zm.jpg,0
7592_B75307aoVbs.jpg,0
1487_B7yJw33BFs0.jpg,0
10417_B76EqvbHRCz.jpg,0
5967_B74CHC0AyyZ.jpg,0
390_B7zQBgWp44a.jpg,0
14078_B8CCVEkJ1xB.jpg,0
10983_B76zr19CTZg.jpg,0
29430_B8LE50vJ1jI.jpg,0
306_B7zJ9zkgWL9.jpg,1
17783_B7__bpun7Gm.jpg,0
12199_B76Z76uHoMM.jpg,0
6266_B70Dvq8lNr7.jpg,0
35356_B8SlVNaBeAO.jpg,0
36682_B8UXolXnVxq.jpg,0
12477_B76HJ0chjWr.jpg,0
30095_B8Rss-BB5LK.jpg,0
19170_B8G1O_iolEW.jpg,0
33837_B8QTkYHpAuU.jpg,1
7550_B76DchjJ6Z1.jpg,0
7657_B7446otnp0A.jpg,0
5461_B7z90MRnwe1.jpg,0
3991_B7zyrtAgedZ.jpg,0
18571_B8DtnXxg6eW.jpg,0
7709_B78w4kJHvGL.jpg,1
11110_B79XhwNpdxw.jpg,0
1058_B7yVgOBpLC6.jpg,0
9699_B786YZmgJv2.jpg,0
38496_B8Tl0YBl6rw.jpg,1
6823_B72IgVpn3CJ.jpg,0
13102_B79mJZFH1gc.jpg,0
34404_B8RTZlZpU-m.jpg,0
17969_B8A62cMnWr3.jpg,0
11974_B75gUORHCh6.jpg,0
24421_B8MP9h-FxN_.jpg,0
14967_B7-mZ59lp3c.jpg,1
29016_B8KB2pEoikJ.jpg,0
29095_B8J7A4ahOqT.jpg,0
17900_B8B1v15p8sd.jpg,1
35327_B8TwAHzgFjC.jpg,0
29374_B8Mn1o8nHZz.jpg,0
23352_B8FVCgyF44p.jpg,0
26395_B8IFsAChbpt.jpg,0
26414_B8La-GpJFVi.jpg,1
15954_B7_l1s_h9PS.jpg,0
12000_B76c0eSJPWB.jpg,0
13690_B8BFyzoFuUx.jpg,1
4806_B72PJlBJb6K.jpg,0
37810_B8UOqGPnMdM.jpg,0
28333_B8IFsPIBqI0.jpg,0
9191_B76sx22pawe.jpg,0
15177_B8B5v3zheJa.jpg,1
18127_B8BBZD7hFtD.jpg,0
31745_B8ROk1PpDji.jpg,0
13988_B79iliPl6gL.jpg,0
21792_B8GnKuap3_5.jpg,0
21621_B8EfoxDHmuy.jpg,0
36845_B8US76GFxXs.jpg,0
25242_B8MuIDYBcBl.jpg,0
6400_B70pWf7FlnH.jpg,0
26683_B8J0giUlxkv.jpg,0
30634_B8O4FELjVa-.jpg,0
34270_B8QCX_jh40s.jpg,0
35537_B8SX-oFghC2.jpg,0
31616_B8Ro1TUK0ua.jpg,0
35588_B8S0RfQhjwt.jpg,0
29055_B8J90_bo5DR.jpg,1
33225_B8RvXCkn0pb.jpg,0
12230_B79Vo0cDClt.jpg,0
32916_B8OxuZ-lVjr.jpg,0
34471_B8PuZ6QpcMk.jpg,0
17878_B7-tLh6gQaQ.jpg,0
11456_B78fUGFBh3J.jpg,0
19309_B8GR4i9K6A0.jpg,0
2406_B70HDZOHdKU.jpg,0
14414_B7-lHG2gFp_.jpg,1
4684_B72F9a4J5Rh.jpg,0
20476_B8GK5LHIOqQ.jpg,0
20073_B8FCb68gNLC.jpg,0
26776_B8JvFZWpK-2.jpg,0
33873_B8OwCmklPhn.jpg,0
30321_B8RK1HPjYKg.jpg,0
22624_B8GnLXsHni-.jpg,0
27457_B8KBFwln3Ci.jpg,0
650_B7xfJGqnqTm.jpg,0
10962_B751ipnHfap.jpg,0
37804_B8T659FF-de.jpg,0
31111_B8O1cQ1BmT_.jpg,1
26264_B8JEN-pnDKo.jpg,0
4722_B7z-_CfBp0a.jpg,0
36297_B8TxDv8CI5N.jpg,0
1891_B7yL_adJg5F.jpg,0
22096_B8HtGPIF3Xa.jpg,0
37911_B8SXSc5JeAR.jpg,0
8291_B75SXQ2JxA-.jpg,0
18305_B7-3_dwHkKC.jpg,0
14116_B8BtY8ii-YK.jpg,0
11307_B77Hi1HHGgM.jpg,0
9361_B77Ba-_J0vA.jpg,0
8546_B78GEn_nW51.jpg,0
12633_B76IkERJM9f.jpg,0
28940_B8LvGcgJLjx.jpg,1
37923_B8S0U9_pRg2.jpg,0
10383_B78UGKkAM1Y.jpg,0
7361_B76BWhLFs81.jpg,1
34097_B8PFc7yH71P.jpg,0
7388_B78yhoVh_IO.jpg,0
9899_B78RRzSlXcW.jpg,0
1263_B7xZ3bjHodR.jpg,0
37404_B8T_-uNg8wk.jpg,0
11416_B77FuHwhp0q.jpg,0
32035_B8QQHyLhVcE.jpg,0
29783_B8O7pmTI5rz.jpg,0
22729_B8DniTCBm3L.jpg,0
11084_B79EXvSp3bT.jpg,0
6310_B71M7zIBoSq.jpg,0
21393_B8G7Zq0lqfi.jpg,0
16261_B8B1nwjCaaH.jpg,0
24709_B8LRRfvhnbl.jpg,1
35832_B8UxzwxCK3l.jpg,0
34431_B8SGX3JheTg.jpg,0
22968_B8DBxW6phrG.jpg,0
19792_B8GCq1OpVJh.jpg,0
28382_B8KJyx8Dbe5.jpg,0
20816_B8HWITwAav6.jpg,0
20091_B8Hfwp_lPNF.jpg,0
31275_B8QpA4uHigx.jpg,0
21093_B8EWKUdFCDt.jpg,0
16220_B8B4nOEF1fm.jpg,0
16087_B8BnJ3ghCW-.jpg,0
29382_B8LOFIept77.jpg,1
16565_B8Cj0OankB9.jpg,1
11534_B76qJw3IMKJ.jpg,0
1270_B7ylWRqnXDc.jpg,0
26750_B8LJnbao36X.jpg,1
34442_B8RZmYSIpD4.jpg,0
27876_B8M3D-fhyGW.jpg,0
34730_B8PxjEkgiE4.jpg,0
25545_B8Kd8-GHsu0.jpg,0
3519_B73HvlClrk2.jpg,0
16084_B7_NGJNJbu-.jpg,0
27865_B8MBFNzJpTE.jpg,1
9840_B769DrDBnfm.jpg,1
36663_B8T6SR0nkqH.jpg,1
11624_B78_sP8B7qt.jpg,0
20037_B8D81ndnQSG.jpg,0
10510_B77h1UJBcqS.jpg,1
37165_B8Sh5fSHh2R.jpg,0
15174_B7_maKJheOU.jpg,0
22542_B8GjMYiFumS.jpg,0
34702_B8PQSJUC1q8.jpg,0
22614_B8EXuIiBdrq.jpg,0
20832_B8DE-VYnqSJ.jpg,0
34733_B8R6sRfhB3w.jpg,0
32601_B8N7OZJFE3f.jpg,0
20287_B8Dht5yldDn.jpg,0
13645_B79h5ugH1B2.jpg,1
7932_B7751wSluF3.jpg,0
28042_B8JVWxSlYPd.jpg,0
35723_B8UAUpunF_L.jpg,0
29136_B8JY8W_oZgH.jpg,0
25901_B8JMc8RBwes.jpg,0
30798_B8OHQDmoz0N.jpg,0
21168_B8DIHouJJov.jpg,0
12996_B8A4W3dhkpb.jpg,1
9158_B77JEtqoNdJ.jpg,0
14179_B7-Kzx7DgqR.jpg,0
10833_B7588lLgMQK.jpg,0
32027_B8O2gw-lDJP.jpg,0
4201_B73r-2ThoCL.jpg,0
35335_B8Svm7Wlb_3.jpg,0
13544_B8B9DRMhxK4.jpg,0
3705_B73lHvgnlij.jpg,1
29471_B8JciV6gn-J.jpg,0
33802_B8QJMOJDw3y.jpg,0
28537_B8Ix7qPg7fq.jpg,0
36389_B8T7amugChR.jpg,0
14216_B7_3ehug3cu.jpg,1
34057_B8Qe7a-lZNr.jpg,0
25269_B8L68UGHvvO.jpg,1
21369_B8DuvFmAuLH.jpg,0
12733_B7_y1rylis2.jpg,1
26016_B8K2BtylsXg.jpg,0
3591_B71geZfDNld.jpg,0
16811_B7-15BuDTF4.jpg,0
24726_B8JVA_EDCgh.jpg,0
9297_B79Nk0ABVLi.jpg,0
20732_B8HWG46gJ7u.jpg,0
32156_B8QwfKVnZ4D.jpg,0
2610_B73ShZGhVRW.jpg,0
34015_B8OqFyQH0Av.jpg,0
36365_B8SMm1fl11r.jpg,0
20970_B8DW2IugMFB.jpg,0
7444_B77QE8epauF.jpg,0
22807_B8HBccKB2Gx.jpg,0
11247_B79PP0GI-O5.jpg,0
33486_B8Q_F-5Jud9.jpg,0
17516_B7--VEMJWfD.jpg,0
25434_B8J5eEIF00Q.jpg,0
35477_B8VCiA1lY5t.jpg,0
807_B7zQbPvnist.jpg,0
36555_B8SWA4bnmPQ.jpg,0
31355_B8OpxfmC_oj.jpg,0
738_B7zO-sKDU9X.jpg,0
24759_B8KebvNFof2.jpg,1
27755_B8LWioICWgI.jpg,0
35475_B8SJv7KgrJy.jpg,0
16421_B7-HQjdFJ5s.jpg,1
25172_B8MHDqxlmbZ.jpg,0
11286_B75rEs4BTmK.jpg,0
31222_B8PHstYp-Tu.jpg,0
2507_B73atlJlrlv.jpg,0
28061_B8Mln0QF0AQ.jpg,0
37651_B8TJGfIBzA9.jpg,0
34_B7zDOLXHWO_.jpg,0
28931_B8J-z0_HFdu.jpg,1
35860_B8TbKYcgq3W.jpg,1
33360_B8OvZ9MHAZK.jpg,0
527_B7yrIrxJ40W.jpg,0
23611_B8G75bzgg2V.jpg,0
35061_B8RTdEbplSZ.jpg,0
36764_B8TSJ2_JDLm.jpg,1
36083_B8TQFb4haZ5.jpg,0
15742_B8AAq1LnGyw.jpg,0
23934_B8JLtikHOrz.jpg,0
1078_B7yhiGMFv7V.jpg,0
27242_B8JX3V_FzmH.jpg,0
1587_B7x6cCuHqrZ.jpg,0
30768_B8NKAMggzSF.jpg,0
24085_B8Jb_peBpIt.jpg,0
5916_B7zqBV8pV9q.jpg,1
21133_B8HT-BVBzGQ.jpg,0
551_B7ykU-FBrWK.jpg,0
18870_B8C-W1HBXbU.jpg,1
38087_B8UpClMnRF9.jpg,0
25003_B8K_2LrBjq2.jpg,1
18413_B8F744pHyIn.jpg,1
26679_B8J__v-FNqO.jpg,0
30435_B8QMwWvBVNL.jpg,0
11265_B75zMwLJUVH.jpg,0
12468_B75F7zpFVil.jpg,0
37546_B8TIfqiIQoi.jpg,0
20204_B8DAfBZpmHo.jpg,0
9565_B74hDnSH-bz.jpg,0
31635_B8QguA8Anw6.jpg,0
34928_B8O4V8GHsHg.jpg,0
5440_B73nGJVAPvt.jpg,0
20113_B8Gj-9sFcSd.jpg,0
36935_B8UflEbh0I1.jpg,1
36144_B8SxMmrJKDm.jpg,0
23734_B8JXpW1FN80.jpg,0
6337_B73xHYZh-OP.jpg,0
3354_B70gtjtpZPF.jpg,1
26678_B8Lm2XUnHzo.jpg,0
5975_B70odfypjJe.jpg,0
910_B7yIHyfFpsZ.jpg,0
24332_B8Ijd9WlKgi.jpg,0
19348_B8Enc31I0AC.jpg,0
5379_B72dyVvAmMm.jpg,0
22391_B8DNAETloH9.jpg,0
5924_B73Gub9FECD.jpg,1
5068_B74aN4lnVgS.jpg,0
23583_B8DXLxaIeHb.jpg,0
5347_B74Jg9KHU5U.jpg,0
27917_B8MN85EFgXP.jpg,0
11746_B756PgwhBvF.jpg,0
28588_B8IAIi7H39v.jpg,0
4092_B70Y0ISouHh.jpg,0
36842_B8TAz68l_8T.jpg,0
4133_B73Cd9soeI_.jpg,1
6854_B73cC_Aj0Qy.jpg,0
12627_B79B0g5neAW.jpg,0
34382_B8PZujKIU5m.jpg,0
17370_B7_pkB_BRud.jpg,0
10517_B75AvPEDBBP.jpg,0
36290_B8VMVsgDzUl.jpg,0
821_B7zCbkohkBY.jpg,0
11000_B75BT7Slc5Q.jpg,0
15976_B7-SxGrHfRK.jpg,0
138_B7zBkZ-HwJ7.jpg,0
8783_B78-9AHFUzn.jpg,0
1399_B7ykYhTFKcu.jpg,1
5358_B71yBFhoUvF.jpg,0
33579_B8QnluhDTM-.jpg,0
28245_B8JlwQxFLs5.jpg,0
19621_B8HJpCcB-ri.jpg,0
2094_B70eWG-JECv.jpg,1
29487_B8ITMrwlH01.jpg,0
25673_B8L-RXKF6DQ.jpg,0
27631_B8JZ7-cFMO6.jpg,0
10485_B76DZWtF9sD.jpg,0
15980_B8BNEayBYD4.jpg,0
13462_B8AZcFLpm8G.jpg,0
654_B7yiV30DeOY.jpg,0
8470_B79ds7_n4MP.jpg,0
10426_B79gVL9hpVh.jpg,0
33698_B8RL6ktnTWX.jpg,1
12246_B76vl2UHnVY.jpg,0
14716_B7-td7aIvkb.jpg,0
19845_B8Fkg_Xl2UF.jpg,0
32172_B8M9nkwFKAm.jpg,0
26926_B8IlCD-BTQJ.jpg,0
9227_B76Roa1guVS.jpg,1
29894_B8R05GAndb2.jpg,0
8792_B75FCwfjtDH.jpg,0
33128_B8O-UsXBTO8.jpg,0
14133_B7-TGTHA3Lm.jpg,0
8379_B779I6sBKFg.jpg,0
31445_B8O7ZI5Jack.jpg,0
16898_B8AUti8gCn1.jpg,0
18845_B8DRIn1gU90.jpg,0
22800_B8GDi6NlWjI.jpg,0
27881_B8InqYrAbdp.jpg,0
34779_B8Q709fF5Yt.jpg,0
38358_B8UkxhrJXPA.jpg,0
2485_B705bFQhDWd.jpg,0
1958_B7xlGl-H06I.jpg,0
9309_B77ldYRIbVE.jpg,0
28498_B8IoqX6FwWS.jpg,0
10755_B759BYuFt7A.jpg,0
25720_B8IA1dBllSS.jpg,0
3078_B72fpKwnSrZ.jpg,0
33404_B8RbaYfBsjb.jpg,0
22193_B8DpvDGAaJJ.jpg,0
8111_B74lmxNHhDO.jpg,0
18927_B8DOLzZJNqu.jpg,1
5621_B7zWHnKHIws.jpg,0
23430_B8FFwESB4rw.jpg,0
5892_B7zUyIPHA5m.jpg,0
36413_B8T8G8XhGHG.jpg,0
12150_B78kLPvJKRk.jpg,0
16579_B8AhmJMAg9a.jpg,1
35482_B8Ue-kKHYb3.jpg,0
21198_B8GA__vJZER.jpg,1
7637_B77-wCeD8VU.jpg,0
31967_B8PbSmsDI74.jpg,0
35907_B8UISFSBpNO.jpg,0
22185_B8EH1gXBZGw.jpg,0
21461_B8DHIs8FNDd.jpg,0
14664_B796Y8CJWHj.jpg,1
24758_B8LBLTzgbwU.jpg,0
28396_B8JYIabBfiC.jpg,0
28322_B8IUBQGBWl5.jpg,0
32218_B8NBOUxHgN1.jpg,0
27311_B8MmPPAg0HW.jpg,0
7515_B76wBvjhEzq.jpg,0
20405_B8FgyJqpl9v.jpg,0
32302_B8OWDf_H0Ga.jpg,0
5504_B737BjwH505.jpg,0
11655_B76xa0nnapT.jpg,0
26942_B8Im4DnFxHd.jpg,0
25712_B8KrYNMDP6p.jpg,0
30935_B8RJoAolpJd.jpg,1
5228_B72nuM0JPvA.jpg,0
3580_B72rRsAAqLh.jpg,0
8970_B77bJFrhg6_.jpg,1
30649_B8R_LI6JgEn.jpg,0
24590_B8K5a51J2ea.jpg,0
22871_B8FCRtmFQn8.jpg,0
32074_B8PUxxoplsD.jpg,0
8939_B77gS2yjoG8.jpg,0
21149_B8C7irsAUS8.jpg,0
29037_B8Md1PgpHy7.jpg,0
7008_B70xhQrpXK2.jpg,0
35401_B8SxB8NFYVg.jpg,0
15333_B7-7PvgpPSP.jpg,0
35570_B8Tzp_VgFl6.jpg,0
38153_B8TIYEyATQV.jpg,0
19332_B8E3z_upteZ.jpg,0
20887_B8DgchVlKce.jpg,0
12998_B8Bi5yjoHIU.jpg,0
33183_B8QcYSmDIkv.jpg,0
31048_B8O0SmgH-F-.jpg,0
12262_B79WfzFpGmb.jpg,0
6283_B72RlFRFqmg.jpg,0
4387_B70ZsaJlzhC.jpg,0
14885_B7_5HdEpjZS.jpg,0
17570_B8CkY-ghVhx.jpg,0
30474_B8OByBXhDfp.jpg,0
19547_B8HAx5BpvQq.jpg,0
17400_B7_EhUdHpPX.jpg,0
13459_B8CqPg_Hu7e.jpg,1
4244_B73AxvWDKDt.jpg,0
22172_B8DMtlqpucx.jpg,0
985_B7xvQ6xJG5d.jpg,1
8504_B78HrlgJt3n.jpg,0
5656_B70wnh3pfRe.jpg,0
36602_B8TL-Jung_y.jpg,0
31648_B8Ql616JwAc.jpg,0
35641_B8T2RVoFi-y.jpg,0
26603_B8Ky1kXJ7iO.jpg,0
1798_B7yXvsog8ZM.jpg,0
24480_B8La5MclV14.jpg,0
2454_B73luWUA8vU.jpg,0
29465_B8Kb8MvoAiI.jpg,1
27959_B8JmDeuFfD3.jpg,0
37062_B8VGudrFlC2.jpg,0
29207_B8JD-s0lt57.jpg,0
7256_B74u0bznxWe.jpg,0
3277_B74G0-KHXZm.jpg,0
9008_B78gEQ5lhtU.jpg,0
25216_B8Kd2oJh3Mq.jpg,0
30549_B8O7FDjBA_k.jpg,0
4105_B738PvZAoP8.jpg,0
17528_B7_vlyCnAkL.jpg,0
12624_B78Pjf_p1Fe.jpg,0
33470_B8OAQ1kF65c.jpg,0
25083_B8H8JD0nC1o.jpg,0
7512_B79JIArBKLw.jpg,0
30485_B8OtsZCgoup.jpg,0
20915_B8EKhaTpdJ9.jpg,1
12670_B75zCFep4UF.jpg,0
8520_B79ADVQlh97.jpg,0
6917_B721kfjJfjl.jpg,1
24728_B8JRRuQBodh.jpg,0
26761_B8JpzppJepi.jpg,0
17021_B7-P0-4gi3m.jpg,0
4751_B73ihbsAhgX.jpg,0
474_B7yu3ItnxYu.jpg,0
28318_B8JExmMgsMS.jpg,0
8658_B77G0GCn-o6.jpg,1
32410_B8RS1FmA9Mc.jpg,0
28724_B8JFSQDlVIm.jpg,1
30203_B8NTILmJA8Z.jpg,0
19319_B8Fuym5jj3Q.jpg,0
17539_B7_Vcd3A5Ra.jpg,0
15777_B7-JkBNAUJ0.jpg,0
12958_B8A8lW_IFbC.jpg,0
27493_B8JX6mJlP5S.jpg,0
32727_B8PRHLGFbPV.jpg,0
1045_B7zDUbogC0h.jpg,0
23554_B8EfKOKnpp6.jpg,0
5054_B71SeFojzO2.jpg,0
27414_B8K_XL6JLU2.jpg,1
2809_B71fxM-p_RJ.jpg,0
34999_B8RJh7phjEy.jpg,0
21095_B8FXLcyn6Yg.jpg,0
6520_B71AEqQFW5o.jpg,0
4929_B708VrWlLpo.jpg,0
17030_B796NntH8gy.jpg,0
20126_B8HOY3ZJka0.jpg,1
19085_B8Cxjc3HHoq.jpg,1
17425_B8A7LEKHfWP.jpg,0
20441_B8EUFvrBvwx.jpg,0
114_B7xdervHW4N.jpg,0
21309_B8G-t9pgavJ.jpg,1
20581_B8F-Nm0gRP6.jpg,0
8688_B74eCvUABMx.jpg,0
5275_B71sWuqBll6.jpg,0
35536_B8SjelrBoiQ.jpg,0
11029_B78NwCmArjp.jpg,0
7048_B73spTKp5-w.jpg,0
9374_B78aUGtpN1b.jpg,0
28208_B8JotHbFZLp.jpg,0
24897_B8KrsY-pWs3.jpg,0
14329_B8A2-C4gbnm.jpg,0
21662_B8FqkHvH9qJ.jpg,1
33659_B8PtETEAOeT.jpg,1
67_B7xWVu7B_Yc.jpg,0
25981_B8JCRXMpYUA.jpg,0
9724_B79Qlorpl8z.jpg,1
504_B7yeE6mpmS6.jpg,0
9346_B79OklAIqF4.jpg,1
734_B7yG8lFhLQh.jpg,0
6627_B72-vJ5nAwc.jpg,0
36516_B8Sgb4thT9_.jpg,0
18569_B8ESLfPl0oh.jpg,0
5949_B74MoY3g9uO.jpg,0
30156_B8OtrxtprNq.jpg,0
36726_B8TvzxXhfvs.jpg,0
25923_B8KCLDnFHUO.jpg,0
26827_B8IYQGSpSiQ.jpg,0
375_B7x80cRJWW-.jpg,0
32101_B8Q8o94hiIA.jpg,1
28803_B8Ik0_6HNsj.jpg,0
8704_B75V6a4DT3k.jpg,0
12977_B8A9yCLhSjY.jpg,0
7921_B75fi8gAWeI.jpg,0
16683_B7_b0AhDSad.jpg,0
25958_B8Kw9Xrl8u4.jpg,0
11831_B79F6Ocl9mj.jpg,0
3819_B72CLDJlr2-.jpg,0
267_B7yLAKJFJ7W.jpg,0
1284_B7xzsSDAKpN.jpg,0
36062_B8SL1C8FyOs.jpg,0
35515_B8T2x4Ynd3q.jpg,0
11529_B78fQV9JDuq.jpg,0
15210_B8A1EppgXgR.jpg,0
24975_B8KoYNbB4cn.jpg,1
33079_B8NNrMnH29X.jpg,0
24448_B8JnUr3le_5.jpg,0
21939_B8FFX-_JBmY.jpg,0
34240_B8QcOeWDS-E.jpg,1
23969_B8La90lgriJ.jpg,1
29129_B8L0wXcpT00.jpg,0
35918_B8VLv4hATJe.jpg,0
20237_B8F2p-sFgsn.jpg,0
30948_B8Rc5uNg_vD.jpg,0
32007_B8PVMcoJFg_.jpg,1
33417_B8R_eGqF4NJ.jpg,0
32694_B8PUttHFvB3.jpg,0
12121_B78RW8gASwM.jpg,0
31652_B8OukE_HKjC.jpg,0
190_B7yupNHhgKw.jpg,1
17554_B7-q1PGARj8.jpg,1
28620_B8MKgVNIObO.jpg,0
17540_B8BC9WQpJEQ.jpg,0
23118_B8DFQrHBP0m.jpg,0
11898_B78jBruBlPS.jpg,0
26841_B8JJ77opFiP.jpg,0
6274_B70YqEFgvAB.jpg,0
27028_B8Ig6S0FQ8i.jpg,0
3355_B7z4F75pW9T.jpg,0
27660_B8JacJ4Ab74.jpg,0
4567_B73fH_AnKxo.jpg,0
22588_B8Eotfgh3g-.jpg,1
35879_B8SMDLDHoZ7.jpg,0
37521_B8S72nzHpAb.jpg,0
12669_B79cyniAyZU.jpg,1
456_B7yBsluDO_u.jpg,0
31123_B8RJNGjhFDA.jpg,0
18784_B8GSjRNITyA.jpg,0
11039_B76W83EnOvX.jpg,0
34433_B8N78aQAKNw.jpg,0
27975_B8MD6XVpTPQ.jpg,0
13557_B8B65fPJaEl.jpg,0
19678_B8Dsv1igdWq.jpg,0
13492_B7-0InQH1hh.jpg,1
28100_B8K-o18hMXS.jpg,0
18015_B794ZHTnCdI.jpg,0
19806_B8FSMw7BMZX.jpg,0
29779_B8P921Ql7V1.jpg,0
14399_B7_ts74n7sX.jpg,0
32885_B8NrAREnqZu.jpg,0
19169_B8HG6R4hCVi.jpg,1
36722_B8UiSMjgV5F.jpg,0
5367_B71I-TKnSl7.jpg,0
27068_B8MJumJndGh.jpg,0
3282_B71VhU-D96g.jpg,0
10912_B75ih-wBmhT.jpg,1
7922_B75toHDnwyb.jpg,0
35617_B8UGs7-gMBv.jpg,1
29143_B8MV8g6BqtR.jpg,0
13758_B8CkneHpUr7.jpg,0
10350_B77k1ECJC8X.jpg,0
21733_B8CxTI3F0hZ.jpg,0
16623_B8Aw7mxnT7v.jpg,0
31228_B8QgbFNg55S.jpg,0
2143_B7zzeg0lheq.jpg,0
27356_B8Mgt2IlA2v.jpg,1
31980_B8NvRLsFICe.jpg,0
8167_B75dP9NBo8d.jpg,0
14648_B8BwdtvhVGE.jpg,0
34223_B8PddnXhzHt.jpg,1
2403_B71G-rll4ST.jpg,1
28031_B8LFOuog5ne.jpg,0
32465_B8PN7JTIn5s.jpg,1
8084_B78wzL0BZ-7.jpg,1
26660_B8MHfYrHsYb.jpg,0
36490_B8UX7J9Bx8-.jpg,0
5941_B7zlmoGgWF7.jpg,0
3233_B72pVXPhhMX.jpg,0
33521_B8Pc-xEHlqG.jpg,0
27391_B8JmCp3j3zx.jpg,1
11246_B76cK6jnXaY.jpg,0
15404_B7_FauZgFnZ.jpg,0
14406_B7-UI7rFojH.jpg,0
28869_B8L_nCAJAZs.jpg,0
21847_B8F4Z0ojOfu.jpg,1
28763_B8KhF0pDAPD.jpg,0
35894_B8TeGVIHKHU.jpg,0
11813_B78BHOtorrn.jpg,0
14930_B7_B6ppHBbr.jpg,0
16327_B7_Z1AHgMg8.jpg,0
18118_B8CPcFIHUNz.jpg,0
2777_B71lKEjpDDo.jpg,0
14364_B8AnzzElHWK.jpg,0
13401_B8AwvSGFOjN.jpg,0
17276_B8BmuREFumz.jpg,0
5165_B7045vdF7fw.jpg,0
31893_B8OjDJDg2gN.jpg,1
16757_B8AZF-sJSQ1.jpg,0
28476_B8J-GcPBmE4.jpg,1
15239_B8CLJWHlSv0.jpg,0
94_B7xb6D2FCLx.jpg,0
35632_B8USakHAPAw.jpg,0
8798_B79bfcvFeVL.jpg,0
1076_B7y4EVonCKq.jpg,1
34881_B8Omjs6HSQz.jpg,0
37203_B8SgZ9njK4f.jpg,0
21362_B8FUSuuJyX5.jpg,0
31065_B8O0-KylLQW.jpg,0
14083_B8Chsfcl9nU.jpg,0
4323_B73LKI6hfsv.jpg,0
4233_B72_YruCGch.jpg,0
11482_B79EcKGnFKD.jpg,0
335_B7xSteAnVBs.jpg,0
14217_B8CHIePHRsC.jpg,0
29241_B8Jmtm0latt.jpg,0
19226_B8EZyTBilUr.jpg,0
18671_B8HaIt4HReZ.jpg,0
4877_B71LTA7lOdf.jpg,1
28391_B8KcMBsBw9U.jpg,0
14438_B8A_7fMnIpx.jpg,0
6649_B7z15fNgJBD.jpg,0
11345_B78v_BWJifx.jpg,0
33029_B8PxrtPoxhD.jpg,1
11565_B74l_UCAlTT.jpg,0
31209_B8OsduvBJha.jpg,0
18838_B8EXbT2hq0Z.jpg,0
23422_B8DmhxTAAIk.jpg,0
4252_B71lk57gOUh.jpg,0
13434_B7-KmeNjXsp.jpg,0
37648_B8VFYyQpbjA.jpg,0
8552_B75Y-9WA16j.jpg,0
6348_B7zm9iXA6gK.jpg,0
26410_B8L6zOXAwVU.jpg,0
18789_B8G4MkjFD-X.jpg,0
636_B7ydUiNl3rn.jpg,0
4690_B705xhKlGvM.jpg,0
36616_B8TrMKZAVWI.jpg,0
35047_B8RigGLpof5.jpg,0
26663_B8MTgjdBA5c.jpg,1
2573_B72AWCgg9sk.jpg,0
5565_B72-0oSlpRg.jpg,0
6264_B71ucshHmSS.jpg,0
10117_B78vC_bBd40.jpg,0
11435_B76APPmgcyv.jpg,0
31218_B8PvcdBpMDG.jpg,0
29243_B8LjAiKnM4T.jpg,1
9019_B78KfnzHCM9.jpg,0
26167_B8Le4PClHd3.jpg,0
1651_B7yaZW4FtlI.jpg,0
9072_B754piMHrN1.jpg,1
12729_B8B4Mr-BXM7.jpg,0
25625_B8JgA_7DHZY.jpg,0
35722_B8T_pjrHNAg.jpg,0
31029_B8Q875bA1Rt.jpg,0
11860_B77B86xFudD.jpg,0
25483_B8K0xGxFchO.jpg,1
26879_B8JyonnlSFD.jpg,0
29232_B8LnydjjYuN.jpg,0
31853_B8RhlvSovaH.jpg,0
22400_B8Gdyfwhn5F.jpg,0
38277_B8SegkmBw2J.jpg,0
24522_B8JcjhxJn3Y.jpg,0
37763_B8SsfMypCMa.jpg,0
36497_B8S2jLVBvGe.jpg,0
34290_B8NddhLl9Qg.jpg,0
20197_B8DJwHFFXFH.jpg,0
14686_B8BVv6HorKO.jpg,0
15244_B7-zJQUi8za.jpg,0
4199_B73bVjwj7jF.jpg,0
37602_B8SHxJQFSgg.jpg,0
12955_B8CbL7VHQlM.jpg,0
34991_B8Nmg2eHQwR.jpg,0
13759_B8ACYEcAeq6.jpg,0
16490_B8BIz9snvGT.jpg,1
22094_B8G2V4MHt52.jpg,0
9056_B77h2Qjgg8U.jpg,0
2340_B7zZG0kH-UA.jpg,0
3834_B71OjYphAgu.jpg,0
19728_B8GgyLJlJBR.jpg,1
8829_B740CJiFiNm.jpg,0
24270_B8LGuVSFTMc.jpg,0
26566_B8LPmg-DWyc.jpg,0
25515_B8JbklZlkbL.jpg,0
2413_B7zrz-rggeL.jpg,0
29667_B8RB61koC_t.jpg,0
33539_B8N27kfAK2B.jpg,1
18076_B8AO30RDlOj.jpg,0
3468_B74MX_wjJIx.jpg,0
10049_B79BtgPnUW_.jpg,0
10991_B7549ZcnTTM.jpg,0
29282_B8Kp-D0HbWV.jpg,0
21698_B8G0PWxBOzJ.jpg,0
36941_B8TV5WDApkP.jpg,0
15096_B797GhiJwYJ.jpg,0
9186_B789GoBHV35.jpg,0
33376_B8OtNYxJPB6.jpg,0
16477_B798MM7loN9.jpg,0
30723_B8Rjlogl-lr.jpg,0
5048_B72nyZ5Fe2K.jpg,0
1108_B7y8XOxFuvO.jpg,0
20944_B8FKB-hnVTw.jpg,1
12969_B8AG-udBZNb.jpg,0
28326_B8J2kdlnkba.jpg,0
15432_B8BPU_JJWNM.jpg,1
8478_B78CjHmlxn7.jpg,0
14412_B8A39Tkn64a.jpg,0
37260_B8TEh7LHkgp.jpg,1
3179_B72drhLJeUo.jpg,0
22422_B8CyqNyHUam.jpg,0
20216_B8FnpUqBaqG.jpg,0
24717_B8LnI4PAK_1.jpg,0
26930_B8IlJkVoC1g.jpg,0
20502_B8Dw4WXhQTm.jpg,0
30575_B8NP5fRJBSm.jpg,0
29578_B8K68ualBM7.jpg,0
11024_B75b3ZhnJlG.jpg,0
9387_B74vynpltFh.jpg,0
758_B7zHY5vp6-J.jpg,0
3058_B73hmd6AVRk.jpg,1
27214_B8LB8rzn4Cv.jpg,0
35153_B8NPj-_Aoue.jpg,0
7612_B75tpLpI7iL.jpg,0
31000_B8N3iD4hyCN.jpg,0
8709_B749Gp_BChL.jpg,0
9628_B76v7ezpiAb.jpg,0
9022_B77saFYpy8O.jpg,0
28641_B8JZHaqHHKG.jpg,0
31358_B8PcoR-hGds.jpg,0
38388_B8TtQNlHw3v.jpg,0
37626_B8SwL1FFIF7.jpg,0
8388_B76TH6vCT_u.jpg,1
32290_B8P7pVsAPG7.jpg,0
15480_B8B3xd8h6gX.jpg,0
2678_B73mDKXnvIf.jpg,0
9900_B766wsUl8JA.jpg,0
13594_B7-i8GjpelQ.jpg,0
28410_B8JVnEoH-8M.jpg,1
5976_B724Iy9pRpL.jpg,0
10148_B7492Kqgjw3.jpg,0
3828_B72wrFeh0Jn.jpg,0
1852_B7xxJwWibK-.jpg,0
28407_B8MEgKhnJ6m.jpg,0
22929_B8DlB33ns-U.jpg,0
31075_B8QeNULhEso.jpg,1
7912_B77AZcDD80-.jpg,0
30719_B8RA3e0nuwI.jpg,0
18951_B8EmuavnnUm.jpg,0
21417_B8D3iLlAa2D.jpg,1
32671_B8QYFpQJb_v.jpg,1
34033_B8OF8Lrgksc.jpg,0
27746_B8LWE28AhlS.jpg,0
32844_B8OhZNLBhGT.jpg,0
2731_B71JhqYpeFp.jpg,1
1227_B7ylojNJAyz.jpg,0
18149_B8Ahpmig2JD.jpg,0
27675_B8H_SSEA2jL.jpg,0
2576_B71MMVkhgzN.jpg,0
17160_B8Cny5TJaKy.jpg,0
29701_B8P27EYnWrj.jpg,0
34333_B8OYJGuoRx8.jpg,0
23047_B8FCiZxh6Sw.jpg,0
10998_B788vJGhlMA.jpg,1
10238_B75XuFJF_IT.jpg,0
34652_B8RVkpigehr.jpg,0
28783_B8I4e4Cji4a.jpg,0
14776_B79xkwmlJdZ.jpg,1
13803_B8CLshRHyLM.jpg,0
22917_B8E-CY-g2Mp.jpg,0
11779_B75GB9upesk.jpg,0
920_B7yjcqrAetG.jpg,0
19753_B8EzIL-AqZU.jpg,1
3123_B70YK41hn-3.jpg,1
15610_B8ALL9-Hc1X.jpg,0
21674_B8G0sdeAUMA.jpg,0
21517_B8HhBf6J6PG.jpg,0
1394_B7y3eZzAC-z.jpg,0
37193_B8Sh-uGBv_L.jpg,0
20348_B8CxtLynywU.jpg,0
32472_B8RIUFDoQSc.jpg,0
21933_B8E5VT0FDXY.jpg,0
580_B7yGCgkg33J.jpg,0
35114_B8PYP28Be2Z.jpg,0
34499_B8QbQYPJc2c.jpg,0
22672_B8EzgV7AFK3.jpg,0
6896_B7ztBAqJfGL.jpg,0
36971_B8SS1iiBmJR.jpg,0
21377_B8GM5Cjn2VB.jpg,0
25262_B8MhnwTgpSj.jpg,0
26945_B8LfNO4nFsb.jpg,0
1906_B7y01_uF5PF.jpg,0
16445_B8AZEK6Agw-.jpg,1
13210_B7_Dw__nulD.jpg,0
25518_B8Jiwzflts_.jpg,0
27417_B8IPdttp9da.jpg,0
32846_B8Nw4cZghIq.jpg,1
2911_B73qv1pH2KW.jpg,0
7847_B788fFFJKL3.jpg,1
16449_B8BdpNvhkxk.jpg,0
12143_B789HReANEN.jpg,0
13425_B8AijhEpODN.jpg,0
29620_B8ML22zHOzU.jpg,1
24099_B8K4OCCnipb.jpg,0
16201_B8B4QUTn6D_.jpg,0
11516_B77oOafFd62.jpg,0
20272_B8Gwk5lhwK6.jpg,0
5151_B7zRSbZj6Pm.jpg,0
28310_B8JVf21CeOY.jpg,0
26150_B8MUONil7Cd.jpg,0
34487_B8OfrJDlzVH.jpg,0
20457_B8EM9EInjE_.jpg,0
11083_B74f8lRn9PL.jpg,0
5315_B74QKVIhYUk.jpg,1
8630_B75xtsiJVcK.jpg,0
34941_B8QYFWrlksC.jpg,1
29085_B8J0tH4jJxH.jpg,0
12566_B77iKRflEh3.jpg,0
6932_B70WdVrhh7M.jpg,0
11659_B77ZlcRlZP6.jpg,0
10363_B78zrAVFggh.jpg,0
18089_B7_GS6jC2yO.jpg,0
25819_B8JXBYXIaSs.jpg,1
4746_B7z1x_mpmV4.jpg,1
24727_B8L12CYFXh6.jpg,0
22221_B8HjHkkpZMU.jpg,0
3074_B74VE5zDbLg.jpg,0
31928_B8Qrf8dhKqJ.jpg,0
18004_B8CkRKLJBAb.jpg,0
37100_B8TH4ZGA9jJ.jpg,0
21477_B8DxDXaATJO.jpg,0
19382_B8G-TnJFQGf.jpg,0
17394_B8COLzgFnso.jpg,0
21232_B8D06yUAzVv.jpg,0
2786_B71Ln42A19_.jpg,0
35194_B8TGWBMl3qe.jpg,0
26985_B8KRX-Ghkvt.jpg,0
11338_B75i_FkhCEH.jpg,0
37086_B8T_t4Tnoc8.jpg,0
12980_B8AIomuAFVB.jpg,0
29288_B8MDsHSFPt0.jpg,0
38050_B8UG0vhgo_M.jpg,0
12041_B76G04fhE5x.jpg,0
21932_B8Hbu7fFiZs.jpg,0
12499_B7451h0HsoJ.jpg,0
38044_B8TRlJMgG7u.jpg,1
20896_B8Gu_eDBkUH.jpg,0
13332_B8A_n9iBsWR.jpg,0
31105_B8NA5UzA52n.jpg,0
28624_B8LLFHdoS9d.jpg,0
22606_B8HhA8cFxlp.jpg,0
14345_B8BfMLdhl_E.jpg,1
28044_B8Iu_99Bjmd.jpg,0
36672_B8T6s1KAqzl.jpg,0
24113_B8LvV6IqsMN.jpg,0
13415_B8BIiiWAAvu.jpg,0
14489_B8BYtrtB8KP.jpg,1
3356_B7zZLgUncEa.jpg,0
21286_B8G2w9CFlsP.jpg,0
2345_B71hUvepX5A.jpg,1
31830_B8PNx_VpMly.jpg,0
17708_B8B2mpXCzUs.jpg,0
6521_B73qQxNHBM_.jpg,1
8218_B79T31ZgyqV.jpg,1
1496_B7zGhI_n_97.jpg,0
30176_B8N-pPFBXTG.jpg,0
26345_B8M7W7hldhy.jpg,0
30740_B8PMoC2H2m6.jpg,0
15701_B8AhFPppgyP.jpg,0
34153_B8R2F0iBO--.jpg,0
28890_B8K14krBoHY.jpg,0
22139_B8GsJInlrES.jpg,0
28213_B8JqG4onfaQ.jpg,0
36394_B8SRmSKBJG4.jpg,0
12084_B79Gc3sBJJY.jpg,0
16536_B8CjMGUosG5.jpg,0
32770_B8Pi6gxhAwJ.jpg,1
25940_B8LodkpA2t0.jpg,0
28622_B8KaWRjls8E.jpg,0
32545_B8P5QWcARH4.jpg,0
2195_B71N9-mFEfv.jpg,0
11793_B756fzvoB9j.jpg,0
36280_B8Tsy5oB96P.jpg,1
11097_B78B0vHAvpQ.jpg,0
16123_B8BN_Crgh0-.jpg,0
999_B7yFnwch4L7.jpg,0
17598_B7-a4iYHkFi.jpg,0
23830_B8Jaz-1lq2K.jpg,0
33175_B8QPCegJtix.jpg,0
33316_B8OK0kzJt55.jpg,0
8017_B79bse4lkSr.jpg,0
10744_B79ddzqDv_Y.jpg,0
37693_B8Ts_VLj8D-.jpg,0
27722_B8MwAXLl-G4.jpg,0
28461_B8M4lCQDe9n.jpg,0
38196_B8Tj_bVn97D.jpg,0
21701_B8DtJcVnMyl.jpg,0
31977_B8RRgRqhl6f.jpg,1
34959_B8PHSPfjd2x.jpg,1
6699_B72GbITA3T8.jpg,0
21709_B8Fq2pqnQUz.jpg,0
13306_B8AwYOnpkHz.jpg,1
9161_B77th2elez2.jpg,0
23539_B8F7_nyB8Jz.jpg,1
36247_B8Twr4ogKTl.jpg,0
23903_B8L9nkHpDLC.jpg,0
14446_B8CRoFshUP8.jpg,0
27053_B8JbHRbly2A.jpg,0
20443_B8GeTdTJnlK.jpg,1
23841_B8MC9_EFYRc.jpg,1
30233_B8OQPKmFQt6.jpg,1
36106_B8UExYnnYUj.jpg,0
23032_B8CtmPpIN_o.jpg,0
30703_B8O2B9OJcsm.jpg,0
24467_B8L-QJjF152.jpg,0
22995_B8EQKbiBuMn.jpg,0
23329_B8EH3zlA9Z6.jpg,0
5996_B73bwsOFHEg.jpg,0
24437_B8Jm-EWpPsW.jpg,0
4357_B73PSkilalN.jpg,0
36371_B8TOWksF36w.jpg,0
32356_B8Rss-UJkRG.jpg,1
19944_B8GUzHaHLXC.jpg,0
6063_B72N8m2hIYE.jpg,0
27419_B8H20DhHEVL.jpg,0
3995_B71pk5XFJZl.jpg,0
29321_B8JcXCpibyD.jpg,0
31367_B8QrCQ9HPGJ.jpg,1
36614_B8TkiEApmmo.jpg,1
17957_B8BM-NXi5DZ.jpg,0
16827_B8CNo9pAEKt.jpg,0
19432_B8FIdgqpJHi.jpg,0
1378_B7xlNPfJSkn.jpg,0
30199_B8P6Wh0J3WA.jpg,0
8777_B76arRlASYM.jpg,0
13830_B7-N8ldH6KT.jpg,0
13080_B79j5V1AwGJ.jpg,0
12151_B78vYRvpgVP.jpg,0
18009_B7_u9EcloqE.jpg,0
38484_B8U93W-DLn9.jpg,0
8052_B78BBD6BHK3.jpg,1
33774_B8RzwI2Hri7.jpg,0
26372_B8M1szIj3ns.jpg,0
13632_B8BKrHpAErn.jpg,0
22151_B8DinmSg_JI.jpg,0
4013_B73NUBChd3Z.jpg,0
35333_B8UIU7np65M.jpg,0
30177_B8Rj_iyA54T.jpg,0
36179_B8TCsE-g3Bc.jpg,0
29959_B8OuVSYhtwi.jpg,0
6144_B71DwEsg0D3.jpg,0
21840_B8Ed1t5J51P.jpg,0
22895_B8D1d1NA3qT.jpg,0
29987_B8N3qhWlqoL.jpg,0
13198_B79kMtXpzIO.jpg,1
21531_B8ExqR2HEuQ.jpg,0
34765_B8PP8pZJcX4.jpg,0
8331_B76VT82I4No.jpg,0
25292_B8LP4FkjJrU.jpg,0
31692_B8RtC7GHbfk.jpg,1
25507_B8L19DlqjZ4.jpg,0
16940_B8AVWNMhKQq.jpg,0
21750_B8D-dsfg9M9.jpg,1
37572_B8VIotRpCC8.jpg,0
36925_B8TMdHeBzEl.jpg,0
29515_B8MHnR_Jpsb.jpg,0
24501_B8Ky88-h5OA.jpg,0
14233_B7_QVYEhEj7.jpg,0
19495_B8DfHRnnuL4.jpg,0
24275_B8LyiNLlmev.jpg,0
34495_B8Oa1KFn1vI.jpg,0
26634_B8L65L4nUTF.jpg,0
29468_B8KzeSQHDFW.jpg,0
5498_B7zUDXLp4nR.jpg,0
31754_B8RPwORAxuo.jpg,0
11278_B760vVeHepH.jpg,1
1166_B7x2srdjDQZ.jpg,1
12154_B78hmN-gZ-H.jpg,1
22939_B8Gn3x7BjXL.jpg,0
33403_B8OeyHMHLai.jpg,0
492_B7yUKnQirjk.jpg,0
21854_B8EwIVjFBiB.jpg,1
33593_B8Q7Ns4gBiA.jpg,0
18335_B8Boo0dgIh5.jpg,0
19234_B8GmFIFlIik.jpg,0
35569_B8S-uBVgLZY.jpg,0
27237_B8IvzTgJrPH.jpg,0
18422_B8HDgc0Bnhh.jpg,0
33275_B8QSlnDlkjr.jpg,1
37322_B8UGS_TpkiZ.jpg,1
10909_B79L0-aBpHP.jpg,0
37517_B8SshkuDJcJ.jpg,0
7663_B79EHLvF7gY.jpg,0
30817_B8OCXq3lI4c.jpg,0
24557_B8MC9rhFQQm.jpg,0
26803_B8KOwuHl5H8.jpg,0
27555_B8JhYNVJhqb.jpg,0
5257_B70g40XHrBw.jpg,0
9325_B79Xq7QBk2u.jpg,0
16953_B8CdCltJl37.jpg,0
7171_B78xv72l1yI.jpg,0
28027_B8JXu1kFWxl.jpg,1
22956_B8HxPmSFAzq.jpg,0
22394_B8DwT1VFoNQ.jpg,0
7362_B76OsnjlZtQ.jpg,0
15882_B8AURLyBhi4.jpg,0
18054_B8CRIWdhhZ3.jpg,0
24859_B8MuLBlolg0.jpg,0
26169_B8MfRfGhEHF.jpg,0
18206_B79-xVslrag.jpg,0
24243_B8JcPSqAX0Q.jpg,0
24748_B8MN45kJKUh.jpg,0
33540_B8PDiRinOK9.jpg,0
33411_B8Rz3-0iQ7x.jpg,0
25733_B8Mkd-VHuGd.jpg,0
12767_B799LckFYph.jpg,0
14705_B8AlvtiFD8I.jpg,0
1364_B7zPZuXndRm.jpg,0
16100_B8CE5jDpOmi.jpg,0
32190_B8Rq_q_geL9.jpg,0
26205_B8LxolZgn3b.jpg,0
7706_B773Dr8gqWD.jpg,0
37903_B8SXDVOFlxQ.jpg,0
3325_B704Ce2nJFH.jpg,0
5686_B702YYMJxEx.jpg,0
23042_B8FIXClBdve.jpg,0
8383_B76DFXkD5FK.jpg,1
25062_B8H_H-unXAe.jpg,0
5503_B72_1zYKG9F.jpg,0
1355_B7ywR_PFbdC.jpg,0
32767_B8Oz-7WHy8T.jpg,0
34565_B8PmAKLnCp4.jpg,1
34660_B8QviBMp_if.jpg,0
37078_B8S3XrvnPrf.jpg,0
9504_B77lj7Lp-6w.jpg,1
15532_B7-FIrhFP7J.jpg,0
21973_B8FwoOjhJuY.jpg,0
4029_B7zvVdSlVYi.jpg,0
29480_B8ImlxgA2Y3.jpg,0
20525_B8DU6Q6o4yn.jpg,0
35889_B8Ud0ixFD24.jpg,0
27661_B8JS5QhJhKJ.jpg,0
32316_B8RH3OtBTk0.jpg,0
18984_B8G_-xinYqg.jpg,0
24315_B8LIvWMFZNQ.jpg,0
7564_B76OkxEA4ng.jpg,1
16_B7xXeFCFhjn.jpg,0
13280_B8B0J0_l1GP.jpg,0
27224_B8Js7t4ljVB.jpg,0
32874_B8RMn9AJT8f.jpg,0
16917_B79wUi9BMGO.jpg,0
15505_B77oKIAncvu.jpg,0
2134_B71SaHUgCKG.jpg,0
33861_B8RTO4IFzGj.jpg,1
3482_B73V2JPhcsy.jpg,0
23537_B8CyoUAHrB9.jpg,0
6772_B73c-dzhuCv.jpg,0
10080_B78ILi-DFfe.jpg,0
32358_B8SGpEah0ck.jpg,0
35619_B8UE4O4gXFN.jpg,0
27524_B8JGytqlAR3.jpg,1
38168_B8S_9XWpVHe.jpg,0
14245_B8Ca644jRPu.jpg,1
5584_B74H-IsHH-Z.jpg,0
31934_B8P9rdUlIpb.jpg,0
33704_B8NEIhHJdLT.jpg,1
10807_B76V1yeg70q.jpg,0
36199_B8TzdPhJK59.jpg,0
7077_B72K6b1nIio.jpg,1
4019_B70Us-VDBTS.jpg,0
9502_B79cqzVjog6.jpg,0
274_B7zA7BlB8Mh.jpg,0
1113_B7yja8RAXxI.jpg,0
25742_B8JkWFbppyZ.jpg,0
9513_B750Sd1nZsE.jpg,1
22527_B8HarQHhaS-.jpg,0
26979_B8L8LBMAW7p.jpg,0
22107_B8HNkM7FJKT.jpg,1
32400_B8QkBSIhykc.jpg,1
12674_B7-T7zPHKHI.jpg,1
2408_B73U-rFlmQV.jpg,0
37728_B8TxtZNnKNF.jpg,0
33450_B8OXJFjg50n.jpg,0
7955_B77WZMul8P1.jpg,0
34544_B8PGJDXHi0u.jpg,0
15483_B8CVlitit1B.jpg,0
35226_B8TxE1xgzKu.jpg,0
25059_B8McIfgHPLh.jpg,0
14254_B8A0PX-p1OF.jpg,0
10108_B76R7xmJ3-j.jpg,0
11025_B75SniXAK5p.jpg,0
31799_B8QxNmElj2J.jpg,0
21823_B8Dj79OH3YC.jpg,0
6423_B70hz7ugxSI.jpg,1
36536_B8TVK5GA5rq.jpg,0
21246_B8ErIJVls8W.jpg,0
24317_B8L5g6PJhS_.jpg,0
104_B7xymTKpfni.jpg,1
16724_B8AgatrAeuS.jpg,0
4605_B71Nnsxhrpv.jpg,1
4886_B72vMX3nkoA.jpg,0
26850_B8LWmzkFNTS.jpg,0
5241_B71Pz_1pMae.jpg,0
21247_B8Ev6VnnXEd.jpg,0
8234_B76vLUAh3Yo.jpg,0
5538_B7z73abH2kv.jpg,0
23852_B8MjZLahxEN.jpg,0
3539_B73vImbpgYj.jpg,0
25596_B8IeKj9pds_.jpg,0
35144_B8RiEsgJLsw.jpg,0
20759_B8GNpOLBoGO.jpg,0
4838_B7zexAhHESo.jpg,0
20641_B8HNGQfJOye.jpg,1
15433_B7_WV2gCbIY.jpg,0
14016_B8AnuWtgrr6.jpg,0
24579_B8Mp55BpqoK.jpg,0
33621_B8PqYAEhZzW.jpg,0
37406_B8UH2o_FCBE.jpg,1
31741_B8NerhDFNWk.jpg,0
36146_B8ULW9rpgX2.jpg,0
1051_B7zPWE7AS95.jpg,0
34526_B8QBypaHJzB.jpg,1
34424_B8N_iLJJ4bB.jpg,0
36437_B8U6baTpbgM.jpg,0
20258_B8HER4Cgp8b.jpg,1
8380_B75t_Nrluwu.jpg,0
5618_B72JrCKpBGZ.jpg,0
11819_B75W-bQBw3v.jpg,0
26770_B8My-xyB0MG.jpg,0
36213_B8TVXSRooU4.jpg,0
9618_B76I_czh3bG.jpg,0
22093_B8EpYcwocXO.jpg,0
8708_B79XOCqhtc0.jpg,0
21891_B8Dq7oKhvVp.jpg,0
13226_B8BCxmXB-ze.jpg,1
36676_B8SVNlOncw1.jpg,0
4907_B7z9btfJFwo.jpg,0
8011_B77-dWYhCiF.jpg,0
30276_B8PhUQxHKF0.jpg,1
16970_B7_qR3yJ9fX.jpg,0
31348_B8QVlpYlice.jpg,1
14169_B7_wnGtBTEo.jpg,0
5617_B703skQDj9i.jpg,0
6444_B73o4VEAn7-.jpg,0
18063_B7-GXN3pyGD.jpg,0
33982_B8Qkh3zCBHD.jpg,0
17660_B7-djOBBKWs.jpg,0
11996_B779AddJh_U.jpg,1
37_B7yCZksovpW.jpg,0
17050_B8CRH03nQ85.jpg,0
18720_B8ETr1Ah6AV.jpg,0
11180_B78bBEupRpN.jpg,1
27070_B8LECKOlI3q.jpg,1
13402_B8A_ea0A1Pt.jpg,0
16610_B8CI67TnkFN.jpg,0
7832_B78tmIPF4Xi.jpg,0
31459_B8RrNr7p37i.jpg,0
18444_B8GFXuzHna_.jpg,0
4415_B72N2PhJoN-.jpg,0
1857_B7x1ao_prN2.jpg,0
20561_B8DtPAIHPcd.jpg,0
9187_B781EPMoFIC.jpg,0
7924_B78vQepHuT8.jpg,0
37412_B8SoYWOp1tr.jpg,0
33820_B8Q_ErTJLZi.jpg,0
20612_B8HGUETpoHD.jpg,0
24757_B8Jq3W6J9Iq.jpg,1
21241_B8E_nMKB7qv.jpg,0
7927_B79Nsxqorib.jpg,0
29420_B8JDenIJGS4.jpg,0
20374_B8GEAAYoSg-.jpg,0
29871_B8M_f0YHmSX.jpg,0
16145_B8Csh8KnVJU.jpg,0
9409_B787CXaHa26.jpg,0
16700_B7_fw2gF0xs.jpg,0
24663_B8MHjWVnYCj.jpg,0
15077_B7-7SA0ijiC.jpg,0
33495_B8OWba6oA36.jpg,0
21243_B8FNZjkgqbi.jpg,1
7159_B77wi1LonHZ.jpg,0
15835_B7_kXt1izIS.jpg,0
20150_B8DrHOVnZaB.jpg,0
7459_B76ktbRgyrl.jpg,0
14801_B8CPazYJ42e.jpg,0
16079_B8BpXuMlaXb.jpg,0
4919_B70S3U6BMwn.jpg,0
13914_B7_8J9qBRkf.jpg,0
32565_B8ORVqoFcMv.jpg,1
15001_B8BazDXDRK7.jpg,0
12758_B8CsJsxnNkb.jpg,0
5726_B70dxP-nObL.jpg,1
2297_B71simoBl7j.jpg,0
8200_B76MOviJZHf.jpg,0
28020_B8JhG8eFH5u.jpg,0
1361_B7zBW2Wi9ku.jpg,0
9114_B75IJw_hRgP.jpg,1
19155_B8Fl0UngTyY.jpg,1
20435_B8HYXBNh9At.jpg,0
29010_B8LTHg8pVK0.jpg,0
22582_B8EcyfWivsz.jpg,0
23454_B8GaRVElXkS.jpg,1
30541_B8QBoCMFKSo.jpg,1
2977_B73jry3IkwY.jpg,0
8831_B78hmYjnA9w.jpg,0
37220_B8TJDtrHt8C.jpg,1
13543_B79jiCsHTOx.jpg,0
3366_B7zcmxoBFvP.jpg,1
16343_B7-AP0rKsZ4.jpg,0
28743_B8LZf8Qp2Fv.jpg,1
9627_B75OcUjlItM.jpg,0
36659_B8TcpXRg2Yf.jpg,0
28395_B8JpYOMlOW9.jpg,0
4876_B71qnAxhGJa.jpg,0
36890_B8TD9-ipxIH.jpg,0
6866_B71clHVglZ7.jpg,0
14191_B8AbILShZ8F.jpg,0
99_B7yYZ-ugpkv.jpg,0
7460_B74vEqSlHXh.jpg,0
3864_B71CPViJ562.jpg,1
19786_B8FHG6TAe09.jpg,0
29245_B8Lwx2lhr7h.jpg,0
26278_B8JpKfrA24F.jpg,0
19040_B8HNlJspym0.jpg,0
28090_B8H_nscFoLr.jpg,1
36334_B8SnOFQn2he.jpg,0
2321_B70twxghGh3.jpg,0
20503_B8HJicRBLUk.jpg,1
3608_B72ow1MpRHo.jpg,1
29428_B8Jewvlh-5I.jpg,0
11821_B751p7ip6E5.jpg,0
16356_B8Cqj6CAAkM.jpg,0
30640_B8OUGhellgQ.jpg,0
28118_B8JBOrDjCIX.jpg,0
35875_B8TiH1MHYtf.jpg,0
106_B7xw-qjFiUe.jpg,0
22265_B8Hbkm8l4TP.jpg,0
10657_B77h7LLnOh4.jpg,0
8590_B74z-tmlFSK.jpg,0
30735_B8RJ02epk_a.jpg,0
2374_B73DZdfl8A0.jpg,0
12316_B75ArnMg1tb.jpg,0
14891_B7-uxv9l28D.jpg,0
12964_B7-UgGVgp4h.jpg,1
18773_B8EwYgspUrJ.jpg,0
37634_B8S4qNQAtfH.jpg,0
10088_B77wrpXhQBE.jpg,0
22825_B8FajDjDODC.jpg,0
32089_B8Q-p6fH1V2.jpg,1
2930_B71HpyLAfcH.jpg,0
35267_B8VOodZHZaG.jpg,1
33257_B8Rv8ZfBP8f.jpg,0
6980_B70Tn87g2j6.jpg,0
13043_B7-_2Szpe0p.jpg,0
9700_B75-3oPH-h7.jpg,0
27857_B8JYoBXluw1.jpg,0
26413_B8I-huAg4Im.jpg,0
36336_B8S34gxFgne.jpg,0
24367_B8KOdoHB_Hm.jpg,0
29366_B8J0wqfh0YM.jpg,0
13524_B7_u2VgHzbc.jpg,0
9214_B76U6wnhlLY.jpg,0
3880_B7zPvqxhXIJ.jpg,0
21224_B8GlwIxHG8J.jpg,0
27353_B8JQa7zBtog.jpg,0
30663_B8RGBtRpnGp.jpg,1
14533_B8AR2G4nIu2.jpg,0
29951_B8Rfrjdg1tM.jpg,0
22705_B8EmvNUJ4aa.jpg,0
36385_B8Sqy7RBjZT.jpg,0
25520_B8LNu90AjXS.jpg,0
12766_B8CGzQcJ7kz.jpg,1
33639_B8PB4pUB7ef.jpg,0
36526_B8UEsW2CNYs.jpg,0
26613_B8KpcN3gr6-.jpg,0
7552_B77mYTSlHqe.jpg,1
34748_B8R0FAlphND.jpg,0
23473_B8HGT4wpm5b.jpg,0
22793_B8E1ViLhk8b.jpg,1
10559_B753mMGp-kb.jpg,0
768_B7zDVLQFFVE.jpg,0
34992_B8RkKzyJxhg.jpg,0
27503_B8J_Yygof5y.jpg,0
1842_B7xmwysg5E_.jpg,0
27415_B8I6yrRl-jp.jpg,0
15033_B7-dhK8nz3q.jpg,0
30467_B8Otw3QHFoK.jpg,0
5553_B71Fs2uH6Sa.jpg,0
14767_B7_yEVWHI-8.jpg,0
38186_B8VD8zgnN5p.jpg,0
31546_B8QYo57hBRh.jpg,0
28482_B8M0OGhJG8m.jpg,1
36109_B8SxBeKgx_5.jpg,0
10922_B758SEpBmq7.jpg,0
13515_B8BIdgco4P_.jpg,0
34855_B8PfKqjFFrA.jpg,0
21559_B8EeRvOFVUd.jpg,0
11544_B77TwmHn6zB.jpg,0
38156_B8S2AgKHl4c.jpg,0
18467_B8G4QSIhBHQ.jpg,0
1755_B7xaJdzB7lN.jpg,0
21311_B8DsDZFFKpk.jpg,0
15046_B8BwHCwp-H8.jpg,1
21054_B8DS2HoFs3N.jpg,0
2869_B72TVvMH2k6.jpg,0
25347_B8JXhAFFT-P.jpg,0
25977_B8MwlUCl59-.jpg,0
36742_B8VCC6aK40t.jpg,0
18874_B8C-XhihgA4.jpg,1
22587_B8GX4ViJOeD.jpg,0
20170_B8GMqr1Fqux.jpg,1
14786_B8BPSHmBHWR.jpg,0
25641_B8JsSB8pi3d.jpg,0
21546_B8GOcyBAn87.jpg,0
29454_B8JopRzHHsl.jpg,0
10202_B7795ernttQ.jpg,0
29813_B8PPaD8H-MM.jpg,1
31309_B8PESEzpEbd.jpg,0
37697_B8VMsU7HonZ.jpg,0
2998_B71k56unDUr.jpg,0
830_B7yQtceA5Z4.jpg,0
33236_B8OQfRqAkzQ.jpg,0
2105_B71NUoFBS8J.jpg,0
35211_B8VNJV1neqw.jpg,0
5775_B74WMM5J0LR.jpg,0
14877_B8CE0g5A5Om.jpg,0
2590_B7zoVSkBfA1.jpg,0
5666_B74RHxjntSy.jpg,0
21372_B8Hktq0JAP-.jpg,0
2211_B73tWR7pMO9.jpg,0
12799_B8A6sixgO7k.jpg,0
27551_B8LZPmJhSgU.jpg,0
37424_B8S9KLWnJSw.jpg,0
32313_B8RQZVbhCIw.jpg,0
4983_B71u4uqhi5m.jpg,0
10841_B77-m76hMOY.jpg,0
22317_B8EmXgsFLkP.jpg,0
20549_B8DRuw4DQoK.jpg,1
33880_B8PMtzpDVEW.jpg,0
6713_B7z1wJHlTUw.jpg,0
19822_B8E9h-_nfhr.jpg,0
35062_B8OCxi8H3uC.jpg,0
2956_B72LijGpgn6.jpg,0
1696_B7yJcQYCgxh.jpg,0
6131_B70164KHv-X.jpg,0
8729_B77iS_Uh62n.jpg,0
33291_B8OE_-PhCBc.jpg,0
38230_B8SU_DZh4Zw.jpg,0
3695_B72kR0-hv09.jpg,0
3209_B73v8xbBtG5.jpg,0
19964_B8EXRXul6bR.jpg,0
33544_B8QkTFAJyaS.jpg,0
25614_B8Mfg0ilObQ.jpg,0
23268_B8EzPl_ldxV.jpg,0
24610_B8L95PwHga8.jpg,0
36419_B8S_C4xFPPX.jpg,1
21791_B8Fgjb7Jd-a.jpg,0
10834_B78lrSLpUd7.jpg,0
26140_B8Gy29mB8I-.jpg,0
23153_B8EHbVllAHK.jpg,0
31178_B8QlsHDFzxZ.jpg,0
12923_B7-DKjQpts4.jpg,0
1088_B7yRHVmJgjf.jpg,1
20936_B8GJZf1BzTi.jpg,0
22199_B8CzHFfnlLS.jpg,0
20497_B8FIQ9BD6FB.jpg,0
30676_B8N9VLeBmIZ.jpg,0
29262_B8KfrI8nrC4.jpg,0
32341_B8PjwW4luR7.jpg,0
12924_B7-vmTCCn7U.jpg,0
3083_B724N4CDFFW.jpg,0
22576_B8F94ZLgk3A.jpg,0
21561_B8E6JcSpAHC.jpg,0
14127_B79qK2dpQLu.jpg,1
6068_B71tdNdAkby.jpg,0
25344_B8K4Fy8BLnT.jpg,0
35239_B8SrgKoFE--.jpg,1
33724_B8PWgodpgAO.jpg,0
3725_B71TQAFHXHU.jpg,0
24393_B8J810PFQNd.jpg,0
19002_B8E562ml8rN.jpg,0
36685_B8UJJOFHEaQ.jpg,0
12438_B756wnfFWvi.jpg,0
16989_B8BYLLJg8F4.jpg,0
29925_B8OwXbSlwjs.jpg,0
29880_B8QVq9fjE8R.jpg,0
3779_B72N42eJGLT.jpg,0
18452_B8H1HpbFO9T.jpg,0
21176_B8HYkPWjB6v.jpg,0
23463_B8D-J1bAAj9.jpg,0
38386_B8SyWy7BpiW.jpg,0
18099_B8B6KycnH0S.jpg,0
37898_B8Sls9YB9kj.jpg,0
8401_B75zhDcl1pd.jpg,0
25129_B8LLAhfl66c.jpg,0
32753_B8OXtf4Bnbv.jpg,0
25487_B8MOte8g8Vj.jpg,0
7775_B79Y99mHPJg.jpg,0
7820_B78nGq0B0rN.jpg,0
18976_B8Ht-1rlD2e.jpg,0
38012_B8S2o-tB4Mn.jpg,0
7218_B786cignziH.jpg,0
12043_B74-urfJanW.jpg,0
18876_B8GKsGmAxVw.jpg,0
22912_B8GyRqQhjhM.jpg,0
20820_B8D07a-loSU.jpg,0
29540_B8IoarGH2XG.jpg,0
23133_B8EmEIdlTwU.jpg,1
23297_B8CzseJHZf3.jpg,0
3589_B74YwNJpWxA.jpg,0
6375_B721rWWpD-m.jpg,1
27753_B8L_BQUJ4EP.jpg,0
19749_B8FdWfPAiLK.jpg,0
29437_B8J-82AF0kr.jpg,1
27938_B8LautShJR-.jpg,0
13382_B8BqJlrnw47.jpg,0
38311_B8VAPM4AGme.jpg,0
1742_B7yNfTRlSQj.jpg,0
13946_B8AIj4Xha4T.jpg,0
6584_B71uzKcJLIm.jpg,0
28378_B8L_cr2FN2A.jpg,0
33961_B8NgjtZgYSi.jpg,0
30832_B8O6B_YJPhR.jpg,0
20746_B8HFS0PjpnW.jpg,0
19306_B8EhrGclUVg.jpg,0
26829_B8K61PonDYP.jpg,1
10790_B78f1kWJm4h.jpg,1
8400_B77xggFl9Wn.jpg,0
14760_B7_kSonJaSi.jpg,0
11122_B75oeFFnhfR.jpg,0
24071_B8KTRZTofOy.jpg,1
1560_B7yPQ6ZonsT.jpg,0
13451_B7-AnMthOVU.jpg,1
18107_B8BpDOBgc2X.jpg,0
7493_B75kPzzAk2m.jpg,0
672_B7zBtFmh6Yn.jpg,0
26594_B8MUDZ5H23n.jpg,0
7691_B78Lt7Dh6DX.jpg,0
13020_B8AZiRJJk0E.jpg,0
17015_B7-tm7Agbip.jpg,0
2724_B730m1qhZ7z.jpg,0
20307_B8EgszipnMM.jpg,0
27101_B8L7qfdppkN.jpg,1
1775_B7yEk9YnsUs.jpg,1
11850_B79NYqFni9Q.jpg,0
36376_B8SSJWoprv2.jpg,0
24742_B8JXH0plSMw.jpg,0
5648_B70sXVelbPp.jpg,0
34563_B8RMJf4Bvna.jpg,1
36089_B8SdftoAwwK.jpg,0
24494_B8JXvDulEGb.jpg,0
3478_B73F1ynFdgi.jpg,0
9539_B76Nfk4B409.jpg,1
28845_B8M3phnlfVE.jpg,0
205_B7x7ruhps6_.jpg,0
28086_B8MejfznlKt.jpg,1
18341_B8A457UjSlS.jpg,0
27727_B8J8pdeh3Ui.jpg,0
38298_B8VMzEwHLxJ.jpg,0
16688_B7_o3ldAFQA.jpg,0
2081_B73MfDAI24J.jpg,0
7916_B744XBWpy98.jpg,0
32692_B8O1P0_n0ID.jpg,1
25006_B8I60TbgsBs.jpg,0
9430_B77lsEcHRid.jpg,0
30573_B8QRuWepuRw.jpg,1
2012_B7xTH7wJORS.jpg,0
4278_B71f7MjlzMR.jpg,0
6500_B71qRJUg2ug.jpg,0
32714_B8QHx-SgVJQ.jpg,0
15888_B7-gUUeJMHy.jpg,0
23470_B8EZDLABs76.jpg,0
4265_B71I2PhA1a2.jpg,0
32408_B8RbFVegVtL.jpg,0
1728_B7xz_ajhs8q.jpg,0
12457_B7757tJBnYx.jpg,0
26104_B8JBTSyjEMO.jpg,1
3625_B71vQjnhm5A.jpg,0
6518_B70tWMGphho.jpg,0
31183_B8OPppQnkcv.jpg,0
28120_B8I9IQopL-h.jpg,0
35504_B8U5NoWFxzU.jpg,0
9281_B78NjtmA6L_.jpg,0
32102_B8PWvuAFHKn.jpg,0
13_B7yxDJJASUd.jpg,0
37554_B8TB17lnMQI.jpg,0
17538_B8CMFTaFLit.jpg,0
7407_B76VorOpEjE.jpg,0
6198_B70wL4shXip.jpg,0
9453_B76katRB9Xq.jpg,0
29181_B8IEMYgBN0I.jpg,0
16908_B8A28gVJ21e.jpg,0
10095_B743_zSp6Ei.jpg,0
2744_B70vf0SFuHg.jpg,0
19697_B8CugSCJzfY.jpg,0
22356_B8EU6BYAGFf.jpg,0
16281_B7-zcjDhm2l.jpg,0
28590_B8Lf7oIFM-s.jpg,0
20_B7yuL79JdW_.jpg,0
16269_B79qKX8nVca.jpg,0
31406_B8Q64H2HRPR.jpg,0
17127_B8AWKh5p68E.jpg,0
7166_B78KYGtH9X5.jpg,0
19795_B8ETw_po1m8.jpg,0
20545_B8CkyAWBasJ.jpg,1
14942_B8CeVq6o3zK.jpg,1
19274_B8FUFC0HiNX.jpg,0
14139_B8A9Uc7pcZm.jpg,0
15451_B8AApUeD1ZT.jpg,1
30898_B8ONl-6Jlob.jpg,0
25883_B8MSEROAljY.jpg,0
27325_B8LkWGOD6-P.jpg,0
22915_B8DNPjqpCyu.jpg,0
15395_B7-9JFunhvg.jpg,0
17163_B7-nSCwlEqd.jpg,0
21150_B8EWP57B5oz.jpg,0
32776_B8OvwjMChey.jpg,1
16948_B8CQQYBJgJh.jpg,0
3754_B72aB1ugSeC.jpg,0
30526_B8ReThalcot.jpg,0
38203_B8S_Vq9hfmp.jpg,0
15147_B8CnVu_nuqU.jpg,1
31386_B8Op5ixFD-O.jpg,0
5566_B72SQ6SJGmF.jpg,0
23011_B8Eraf_nnIb.jpg,1
2282_B7zpCdKJ8P1.jpg,0
2376_B7zR12bggNp.jpg,0
11458_B78qm_5FISH.jpg,1
36840_B8UQgT4F8u8.jpg,0
2829_B73qytAHmbc.jpg,0
9793_B75WPMVheqX.jpg,0
6134_B70omrYlV_K.jpg,0
23439_B8DiFESFswb.jpg,0
14739_B8Bun22B0H5.jpg,0
32445_B8RMulFnkyZ.jpg,0
14780_B8CJQFxBQU-.jpg,0
11508_B76LG9Tgzuq.jpg,0
435_B7yNDFcl8SK.jpg,0
12113_B79L-jTpqC9.jpg,0
18230_B7_KsfPjMWx.jpg,0
22996_B8HVk1kF7om.jpg,0
28707_B8Li8zTFfWJ.jpg,0
23191_B8HHdY0Bnpx.jpg,0
15309_B8Bo6-CJXc4.jpg,0
37207_B8TxvfunG7p.jpg,0
9877_B777uBhlO-3.jpg,0
10027_B78G1f-pcTN.jpg,0
19832_B8C6RBFgFaM.jpg,0
25917_B8M8AxVAiIK.jpg,0
9593_B75ul_Ug2Dm.jpg,0
25442_B8LdrvXCYOU.jpg,0
35468_B8SaiYKBiD-.jpg,0
17670_B8AcuZXJ0n9.jpg,0
14260_B79sbUIl-J7.jpg,0
2725_B71c0q0H_dr.jpg,0
26541_B8L73ruAQ_L.jpg,0
16782_B8BXWKDp2IX.jpg,0
6532_B74AyhJhsph.jpg,0
8251_B78xxTWHVnY.jpg,0
2947_B721oL1JPMn.jpg,1
36236_B8Tzt8zlnzo.jpg,0
6494_B73YyHxBWZG.jpg,0
18771_B8DPy_4ByA_.jpg,0
15543_B8B_BCEB6-D.jpg,0
4651_B73RljInUN9.jpg,0
23687_B8KQjAlhoY6.jpg,1
29762_B8OSyyilo25.jpg,0
26430_B8KgDFsHyvM.jpg,0
25916_B8L2vHJnRgU.jpg,0
33901_B8P7vnmIwLL.jpg,0
36698_B8RWrschv2w.jpg,0
29020_B8K0E8EjfjU.jpg,0
23169_B8C19jMgcSU.jpg,1
24903_B8LT-0MFNat.jpg,0
5479_B719Mt1hr1p.jpg,0
19078_B8Du8WNHrzm.jpg,0
15585_B7_QwfxhoSs.jpg,0
14594_B8AuIDGFBOQ.jpg,0
37176_B8UGGANC7Cv.jpg,0
5718_B73f36xHVMA.jpg,0
4115_B70jzBFJe7K.jpg,0
28896_B8J5CN1hvEJ.jpg,0
17380_B8AcgLPDV0B.jpg,0
13563_B7_e4jgJG9Y.jpg,0
18435_B8EvDsADlb5.jpg,1
22129_B8HKKJan4k3.jpg,0
33745_B8PYe5jJgje.jpg,0
32887_B8OYz8UlqvJ.jpg,1
374_B7x_0X5nFfT.jpg,1
30686_B8Oi60OhGgh.jpg,0
14995_B8BtwWsDGe3.jpg,0
8813_B78hJPpJOea.jpg,0
8840_B78_3glnCRf.jpg,0
24478_B8JT4SFl3_c.jpg,0
34596_B8OT5uaFSq2.jpg,1
30604_B8QkkC7HUsu.jpg,0
4231_B724gFRJpLp.jpg,1
20318_B8FZK7aAiE3.jpg,0
12287_B76u8huIpnC.jpg,0
37400_B8TXzRHgv0s.jpg,0
14876_B8ATRDwJeft.jpg,0
15021_B8B8k7vjVw-.jpg,0
26074_B8KjJBHn3kC.jpg,1
34572_B8QutljHolQ.jpg,0
11605_B78r666nU1c.jpg,1
5548_B74JvVignPO.jpg,0
4101_B71oBetgGxh.jpg,0
3199_B70DnfnJuTP.jpg,0
16823_B7_MFU8DBAT.jpg,0
21524_B8GfCXgFBXu.jpg,0
1010_B7zG0xMgV_2.jpg,0
7230_B75GBh8jp3X.jpg,0
22933_B8GjtMnpok0.jpg,0
12302_B78ld0VgZOC.jpg,0
16674_B79ja1pp4MK.jpg,0
1774_B7xmaJRByDh.jpg,0
15804_B7_lYPWIbiL.jpg,0
37541_B8SplLjjNjz.jpg,1
14408_B7-ciZ9ADvn.jpg,1
21300_B8E2tkiHkQz.jpg,0
6640_B71Zj_fnb2Q.jpg,1
3741_B72YJ2HAHif.jpg,0
32998_B8Ool-SghDZ.jpg,0
14665_B8CgxerJTAT.jpg,0
31465_B8OAfqXngrX.jpg,0
36220_B8T-GaJHeu_.jpg,0
27976_B8Jfv0tFESc.jpg,0
26546_B8Jw7Ltjyvf.jpg,0
3992_B71LaXPp3C_.jpg,0
11513_B74-0A2BXWN.jpg,1
15973_B7-3ftfnONT.jpg,0
15972_B8BkftJls2V.jpg,0
5229_B74RFp-olm3.jpg,0
6625_B72_RdepIPR.jpg,0
18427_B8Dj9kIFrJN.jpg,0
10511_B77JkNuh-8K.jpg,0
23160_B8DGHNOlNBa.jpg,0
29927_B8O8NE9l6M5.jpg,1
12940_B7-DyrpgXoD.jpg,0
15540_B8CUGDMn8Uz.jpg,0
34232_B8NWHXVBi5_.jpg,0
2483_B73RxG2JKeG.jpg,0
29736_B8PjhNxA4f8.jpg,0
35531_B8UkMbcARrA.jpg,0
36183_B8SOaI7nFCL.jpg,0
3379_B73731pJurh.jpg,0
13419_B7_FQWcBSBa.jpg,0
2722_B72prd1gZhA.jpg,1
11027_B78uXg_l4vY.jpg,0
2246_B70yRqSpDc2.jpg,0
33836_B8NdRd0AvHZ.jpg,0
29510_B8JyII9l1UF.jpg,0
10311_B760roQJiS5.jpg,0
17574_B7_eKm8FfeG.jpg,0
18367_B8D6bJPHfSv.jpg,0
16946_B79wo5Llisw.jpg,0
8106_B76ny3QjhEO.jpg,0
36465_B8UR1gxhPye.jpg,1
13931_B8CBF6eB8Vi.jpg,0
4721_B71Xe-PDjBN.jpg,0
34865_B8Pxj5EInJC.jpg,0
3713_B7zkLPfFhoS.jpg,0
6112_B71Oyx3J7CZ.jpg,0
11633_B78ypzzBU5t.jpg,1
25048_B8ILklbJqCq.jpg,0
20482_B8Hkg5fBqUd.jpg,0
30088_B8SCXRgBMiq.jpg,1
12944_B8AlFZSAz7v.jpg,0
33405_B8Nt0dgnOk8.jpg,0
32892_B8P_jLFpgEt.jpg,0
10590_B75cmRKgIi1.jpg,1
31117_B8RGqZPnJU1.jpg,1
29672_B8OKQgKFXWA.jpg,0
13552_B8BVZr-oBSH.jpg,0
6504_B71O-_coZAp.jpg,0
37079_B8SManSA3p6.jpg,1
9303_B78-cNHHQu1.jpg,0
14998_B7-6OzmAUC0.jpg,0
31294_B8R2L3chOUR.jpg,0
32383_B8NkD5cgeD4.jpg,0
1463_B7yjqoDJChg.jpg,0
27227_B8KsgHnFJVq.jpg,0
27526_B8J3Hn7g1Vs.jpg,0
17591_B8BPhLwnbwA.jpg,1
3070_B7380E5hqCw.jpg,0
29605_B8KZFspl8vc.jpg,0
13088_B8BsHvwn_cm.jpg,0
4599_B74KyN4nORu.jpg,0
34709_B8QIRZOJHVb.jpg,0
1276_B7y6aBipnsM.jpg,0
29850_B8RhaYRHirk.jpg,1
27458_B8JSJr0Fs7H.jpg,0
36433_B8SrWAkJQAu.jpg,0
2747_B701osdlcGy.jpg,0
32238_B8NX4VCgXuj.jpg,0
1593_B7x_zARHf4D.jpg,1
17645_B799XBhB_ki.jpg,1
23060_B8Eqs02JAdA.jpg,1
27171_B8KGe5cizvl.jpg,0
13553_B8BsZHFltKP.jpg,0
20388_B8GPf7KpQeZ.jpg,0
16204_B8Cb6hRl3rA.jpg,0
9025_B78pEOzljAD.jpg,0
16299_B8B5a9hFczE.jpg,0
23775_B8J6gdqJgmm.jpg,0
2555_B74GQ7FDe5d.jpg,0
6015_B70Lx7wCbT4.jpg,0
1772_B7x3gBqnchO.jpg,0
34774_B8OnFXEjpxn.jpg,0
36636_B8SvWxEJ5tu.jpg,0
26131_B8JzbKDHnRI.jpg,0
23654_B8KRf84gWDW.jpg,0
24262_B8LeDTihIHc.jpg,0
29735_B8OgAvKhJLy.jpg,0
18795_B8Htd9Yp9ph.jpg,0
28133_B8JbhXYFaZS.jpg,0
4447_B71HDF0ogs_.jpg,1
9708_B74hMrvnI_1.jpg,0
29313_B8JmP8oAnQk.jpg,0
34096_B8PLdomopp2.jpg,0
6007_B74Fgb9nr5w.jpg,1
10143_B77kjagFvTD.jpg,0
20826_B8ENDjyHbht.jpg,1
28258_B8LAUHlhUYJ.jpg,0
5684_B71U5Mdls_5.jpg,0
35634_B8UK-DNDFPx.jpg,0
50_B7y0GlzJDJY.jpg,0
11629_B746OstARGF.jpg,0
22605_B8ElvdTBff1.jpg,0
18181_B7-OtT7FZXO.jpg,1
26747_B8JPtL_HIJm.jpg,1
18393_B8Cqwa7JSY6.jpg,0
13321_B7-_e76hM2J.jpg,0
24821_B8J3vYToVUq.jpg,0
31439_B8OH_e_lmCa.jpg,0
16855_B7-PQRUJRWV.jpg,0
26528_B8K34D0pMBB.jpg,0
653_B7zLUdVgACX.jpg,0
32278_B8QAMOGHlzZ.jpg,0
3766_B72zIfWANjh.jpg,0
31988_B8NKuVvn4DD.jpg,0
3266_B73F58zHwL4.jpg,1
7795_B79YZr1nz6O.jpg,0
33859_B8NARwBAC6_.jpg,0
20563_B8F4vlqp0nE.jpg,0
2689_B7znA6vhofj.jpg,0
32466_B8Ohnq4Av3G.jpg,0
10100_B75MqTZhgLa.jpg,0
1594_B7zImR3Hici.jpg,1
16185_B8AIqunnH_T.jpg,0
14107_B8BlpsNgCiu.jpg,0
16751_B79iHi4FsTb.jpg,0
36254_B8Uh1gqHMCY.jpg,0
16627_B7__r8-AnX2.jpg,0
20736_B8HjXH7HQQd.jpg,0
1935_B7yntItnrnE.jpg,0
30773_B8R4pe3gzi2.jpg,0
8075_B75rCQTnW3l.jpg,0
5680_B72ayw_J9G8.jpg,0
6388_B71bQesnp7r.jpg,0
20864_B8GTUopFPNa.jpg,0
12488_B78oh0Hgy9Q.jpg,0
33958_B8RRMvPHn3P.jpg,0
18896_B8DhCjGBUIq.jpg,1
12734_B8BeiccnpXj.jpg,0
17851_B8B8SJVh0TX.jpg,0
20054_B8FGtkFnftq.jpg,0
1502_B7ycp2QlIVi.jpg,0
14100_B8CHWgKB8uq.jpg,0
32325_B8O3G8VHIrc.jpg,1
1057_B7yihFRnHwr.jpg,0
2525_B73XQXoB-HI.jpg,0
22166_B8EgqUtleEe.jpg,0
6187_B74E16ZD2kV.jpg,0
31127_B8RQ_jnHBgY.jpg,0
18212_B7-fUP9nq8e.jpg,1
4647_B73pMvVn9h9.jpg,0
8937_B747QPKgMkW.jpg,1
30020_B8Rz4YCJtWo.jpg,0
1109_B7x5h6apmXT.jpg,1
6463_B73rU0Jqqcu.jpg,0
23236_B8GwrD2ijYj.jpg,0
700_B7zNKbxHnp2.jpg,0
10015_B74p2WSgHcg.jpg,0
27980_B8JLL2YFYGq.jpg,0
27951_B8JhSFjiE_b.jpg,0
6458_B73dJt_o2D1.jpg,0
13994_B7_MCZnlihF.jpg,0
2460_B73ALiSA9dP.jpg,0
37333_B8UNTWunCVc.jpg,0
494_B7yfPSnjkzN.jpg,0
9153_B79REpAl0cG.jpg,0
21607_B8HES7sJv-G.jpg,0
32350_B8PHE0JHRca.jpg,0
36443_B8SpF1RFniN.jpg,0
37917_B8Sj5-hguy6.jpg,0
32113_B8QcMbVHexZ.jpg,0
37160_B8VOp6BgcDw.jpg,0
13782_B8BvSbpllQB.jpg,0
27409_B8MEP6ogIvW.jpg,0
8929_B76i9CRFYeQ.jpg,0
12339_B78MeHahv-H.jpg,0
23084_B8Hq3idgdkx.jpg,0
19556_B8FRYiHH0uP.jpg,0
15589_B8AHtglgiWs.jpg,0
23771_B8H40PpAdoN.jpg,1
7326_B76mdBlBsLv.jpg,0
17950_B7-_lxXopwL.jpg,0
7167_B78bGCBhqQn.jpg,0
6123_B73nsFIBLQ_.jpg,1
20319_B8G3i6Rnd1y.jpg,0
21142_B8GThTdFSfE.jpg,0
4795_B7181_dh_GM.jpg,0
13777_B7-gzpChlCj.jpg,0
15524_B8AttbcHxDX.jpg,1
33262_B8Q9xxGDpCu.jpg,1
26075_B8LWGYMAw3-.jpg,0
23476_B8HqBvjotl_.jpg,0
8285_B765qlwJv4H.jpg,0
6686_B71gGujnx29.jpg,0
21173_B8Gcnf-hUPS.jpg,1
27945_B8MLiK_gyrM.jpg,1
19024_B8HWop7B_xr.jpg,0
13406_B8Bxbm6BvEt.jpg,1
22540_B8EYOu-j_GS.jpg,0
19790_B8FuImbgHkn.jpg,0
34609_B8RLipdn5zN.jpg,1
23356_B8DiqAvFRuw.jpg,0
5132_B70FGLWgj9O.jpg,1
13822_B7-fYimH98P.jpg,1
35298_B8SIdEQnmu0.jpg,0
26493_B8LUaYDH_8I.jpg,0
26717_B8M6h4uF3hH.jpg,0
33735_B8Q7wpOlenK.jpg,0
4295_B71C0UaghWF.jpg,0
11728_B79KSOOAFJZ.jpg,0
24558_B8LohzbBXOu.jpg,0
7867_B77UlyOBIKm.jpg,0
11668_B76wfIglPfI.jpg,0
95_B7xZDgOp8tN.jpg,0
34753_B8PIIn3hGBo.jpg,0
25713_B8MPKlZjFOI.jpg,1
3061_B7z1C3jhSnq.jpg,0
10824_B74qz06nY6j.jpg,0
32943_B8OkMfkIeRA.jpg,0
29996_B8RagQVFYyx.jpg,0
35297_B8T4MhngXPb.jpg,0
35944_B8Syke1hLpp.jpg,0
30996_B8RDE4mF4he.jpg,0
10162_B79XTcXiC1P.jpg,0
21470_B8GqOxHlyjB.jpg,0
17951_B7_83KsF1lx.jpg,0
16056_B8A3yaAh0lz.jpg,0
35791_B8S2VS2p3oD.jpg,1
24180_B8Jfm-kJHNu.jpg,0
15291_B8CCA9xh55l.jpg,0
17874_B7-XkTKHtuw.jpg,0
11156_B7625PCJzA-.jpg,0
5820_B70dacZHOP8.jpg,0
20362_B8DDvmcJHi_.jpg,0
23780_B8MZusOpagr.jpg,0
10310_B78WbTMogxm.jpg,0
8202_B76W2TOA3kV.jpg,0
3427_B7zhLYQlqWJ.jpg,0
25433_B8Kj11WnrA6.jpg,0
31361_B8RA0TeHUAV.jpg,1
34781_B8Nv03KlOid.jpg,0
4598_B73hDI0Aldx.jpg,0
11581_B75njwRhwQf.jpg,1
23022_B8EP14rA8Ev.jpg,0
20509_B8FYE7flNE_.jpg,0
30437_B8Px_EJjY_F.jpg,0
1520_B7xxorEgDY7.jpg,0
18244_B7_0l91I_Ll.jpg,0
3793_B71BOyElSq3.jpg,0
13647_B8A9uT0j-0G.jpg,0
4007_B7zfK1rILA1.jpg,0
13547_B8BebJKnI3P.jpg,0
28685_B8JSWSglval.jpg,0
12774_B8AzEJxBn8F.jpg,0
9940_B77CORxi-_I.jpg,0
31681_B8Quul6BT8U.jpg,1
1026_B7xcElNp-JK.jpg,0
18518_B8GMUJwgdmM.jpg,1
31014_B8RZgAoodsJ.jpg,0
20924_B8HEQeapMQJ.jpg,1
37118_B8St-OyB4Om.jpg,0
8556_B74w0YxJy4s.jpg,0
10847_B78DjvxDbtf.jpg,0
27654_B8KnW6CH4Ef.jpg,0
3951_B70v_dtFNjk.jpg,0
960_B7x3AdDHeVJ.jpg,0
18646_B8EApNKpDQE.jpg,0
29725_B8PvSrcHbAd.jpg,0
15724_B8CIxF5F8Lv.jpg,0
3275_B70VRVjFUkx.jpg,0
31787_B8RIUr8ndR3.jpg,0
37734_B8S-MEgpUXY.jpg,1
13766_B8B7okupOkq.jpg,0
30499_B8OTMWzhwzr.jpg,1
1065_B7xyWSBHB7j.jpg,0
32572_B8QFNuZFH0F.jpg,0
30788_B8RzegIBoXR.jpg,0
22016_B8FxhOpJwK4.jpg,1
21655_B8EnG3OnngE.jpg,0
10894_B77hTiJh5UD.jpg,0
11175_B76imsTHA9D.jpg,0
7897_B74dksrpFfm.jpg,0
16129_B8CXBnenMQj.jpg,1
21501_B8Gb-qulZOV.jpg,0
7130_B78M0VCJiEE.jpg,0
22678_B8DFaNlBP1c.jpg,0
18582_B8DPNblnymf.jpg,0
12487_B77c9E2JEGA.jpg,0
7283_B77xwuHHAdj.jpg,0
19601_B8GxqimJ6O6.jpg,0
24402_B8JsB2ElPNL.jpg,0
17500_B7-6jyxBlns.jpg,0
23172_B8FMf7UFq7x.jpg,0
12211_B78vBxxg9GL.jpg,0
27762_B8Jk_fXlGph.jpg,0
13685_B8Ci7EdlUAA.jpg,0
4304_B74G6xIlOec.jpg,0
8910_B78pdVNnGz9.jpg,1
18443_B8HZ0LEn4T6.jpg,0
30797_B8Nm_X5HhQt.jpg,0
11816_B75cg3wDZQx.jpg,0
23911_B8MVwhJD430.jpg,0
16453_B7-b0YYBW4k.jpg,0
24141_B8LiK5zlHSo.jpg,0
24715_B8MxJ2vlF6W.jpg,0
33268_B8RLU4yoinW.jpg,0
12902_B79th4mnxSd.jpg,1
5131_B72WEm3DvQD.jpg,0
12361_B74ftOblEp7.jpg,0
489_B7yX1TTDORE.jpg,0
34672_B8RYMbSAGvl.jpg,0
31500_B8NGFpWnq8y.jpg,0
8780_B76Wbi5n_FR.jpg,0
17070_B8AYXnaJrq5.jpg,0
1649_B7x6I8xh5GW.jpg,1
24598_B8L_xjkliL2.jpg,0
28218_B8Lmo9tlD12.jpg,0
17631_B8BtUDho58f.jpg,0
478_B7yQB05o36P.jpg,0
4701_B71YqT3nJsS.jpg,0
13740_B8CEo9FIsQW.jpg,0
33997_B8QKFqzJmmm.jpg,1
23177_B8E2_XUI5gH.jpg,0
9452_B75ff2yl5Jy.jpg,0
470_B7yvTcQHIGA.jpg,0
21588_B8Ht7aHFcbN.jpg,1
5604_B71RrZYnUT7.jpg,0
7180_B75_VN0HVMn.jpg,0
6948_B73uT_vjRUO.jpg,0
20648_B8ExjeLngXU.jpg,0
9316_B78MTSUJBW6.jpg,1
30157_B8OhSYwFxeE.jpg,0
7_B7xt7l4FfHO.jpg,0
17208_B7_BQqinAzK.jpg,0
6129_B73dsOBHInb.jpg,0
60_B7xY3MWF7fg.jpg,0
36817_B8TlByNhn53.jpg,0
5012_B70JLzghrd6.jpg,1
22731_B8D6IuMlTr_.jpg,0
8321_B74hGuVHz4W.jpg,0
13919_B7_aUDlAGah.jpg,0
16134_B7_ldDkpIcY.jpg,0
28094_B8JRgeqh7YK.jpg,0
32161_B8QzakLnldC.jpg,0
27674_B8LjINJgvlc.jpg,0
8014_B7719cTBdE3.jpg,0
38204_B8VH9cenqN6.jpg,0
7169_B79VNKWFbxD.jpg,0
31_B7yFwv6J3Ja.jpg,0
8606_B78cGycHtif.jpg,0
32628_B8OKU57JEI0.jpg,0
22197_B8HP8h3FbBE.jpg,0
1077_B7yJUhSgOdj.jpg,0
29259_B8JrWX1pb2F.jpg,0
8587_B78cnMiJHk6.jpg,0
1124_B7yKcf7p51W.jpg,0
23746_B8JWhmFBv6o.jpg,0
38164_B8Tv8CpnsiP.jpg,1
38485_B8T5V5DBb0s.jpg,0
16068_B79iXMbASXl.jpg,0
10323_B79PjwDJlTf.jpg,1
7771_B75_gKGFyCz.jpg,0
27003_B8K-iushagt.jpg,0
36988_B8U5f0zhatN.jpg,0
18834_B8EgCjhHi3p.jpg,0
32597_B8PbLNNlXjv.jpg,0
15509_B8AGB5bFYs-.jpg,0
14938_B8BxQHXhdiP.jpg,0
11058_B78hKQ4BixQ.jpg,0
18895_B8C_tbjFBA5.jpg,0
12829_B7_w0fQInpK.jpg,0
23279_B8C0jhzD1hO.jpg,0
16972_B8AVm2Yjsc2.jpg,0
8474_B77VCVJJl_P.jpg,0
16289_B7_qPc1J8fY.jpg,0
7607_B74pGNLhQJu.jpg,0
11858_B78lcZ3j8WX.jpg,0
3340_B73ybm8g_wW.jpg,1
9222_B74zY3hF-9u.jpg,1
30933_B8P2Z7SpU92.jpg,0
881_B7yS6jZFqQL.jpg,0
36472_B8Sx-vDBF5d.jpg,0
26527_B8I7elUht70.jpg,0
3333_B74Z_RXIZlJ.jpg,0
36205_B8UVfokhHKl.jpg,0
28110_B8KMDgzpOJ1.jpg,0
14220_B7_sZsaH3jR.jpg,0
30254_B8QHsomh5le.jpg,1
102_B7zKiciJ23P.jpg,0
4045_B71kM8Ilera.jpg,0
34446_B8QVFOXA29C.jpg,1
30187_B8PyZd9n5Fo.jpg,0
28985_B8H69nlA7SN.jpg,0
10210_B77XfOKp_cF.jpg,0
15936_B8CWoGHApTb.jpg,0
20236_B8DjftyHxGs.jpg,1
26013_B8LdtJankiY.jpg,0
6412_B73Jy8JhL-v.jpg,0
27045_B8LOBMwlNWi.jpg,0
4258_B7z_CzCDLy7.jpg,0
29984_B8QjAzMHr6k.jpg,1
36868_B8TxcjvFnYn.jpg,0
27032_B8JhA7ml_xE.jpg,0
32992_B8QyCEMgr-0.jpg,0
5971_B73wgBagkgz.jpg,0
10666_B74nkitFfOj.jpg,0
3817_B70sZkxp2Rn.jpg,1
3314_B73Y9wQAbdY.jpg,1
13765_B8BhonGIWGS.jpg,1
10929_B74c0NhhGjp.jpg,0
27002_B8MciufBRII.jpg,1
18814_B8EC9gFBs22.jpg,1
28448_B8JXWuPps__.jpg,0
7674_B79YpSwl5jf.jpg,0
37513_B8TtKWDh3Qe.jpg,0
27738_B8JYrWHl_B8.jpg,0
16436_B7-LTl9pKki.jpg,0
9382_B79NNtkouzK.jpg,0
6396_B73vy5apfkZ.jpg,0
11267_B76qImIJNzm.jpg,0
10149_B75twJ6Jj2y.jpg,1
33325_B8RKsyvnpXr.jpg,1
36527_B8SYibzH1VY.jpg,0
20219_B8DutlCAEfp.jpg,0
16884_B7-cIEdnbJh.jpg,0
33792_B8NEKDAHbbD.jpg,0
28565_B8KNCC9nkOQ.jpg,0
33928_B8OBrMzgWB3.jpg,1
8912_B78yjBTBZ1e.jpg,0
30025_B8NP9FtBrTF.jpg,0
2883_B71-RQdFpi5.jpg,0
2325_B70tD1zpDaS.jpg,0
20875_B8E_xIsBOCV.jpg,0
13202_B8BG_FagR1S.jpg,0
7770_B77VWbsgag8.jpg,0
4306_B71-YYdHfRD.jpg,0
4128_B70mtPnHLCK.jpg,1
6326_B70eAxRHjJO.jpg,1
6185_B71NM3SnoNg.jpg,0
1458_B7y_GTNHgBO.jpg,0
17735_B8Au4XLHQVr.jpg,1
18477_B8EpqXYp24R.jpg,0
7418_B742-dcJMyr.jpg,0
18389_B8HG1J-l3Jz.jpg,0
15479_B7-X5PSg8vR.jpg,0
12768_B7-5ZQxB8ow.jpg,0
16667_B8AvABOlH9_.jpg,0
10248_B781iAeg9do.jpg,0
9760_B78vcZujPsb.jpg,1
32367_B8NuxjfH1xS.jpg,0
27018_B8MjcBKAfkX.jpg,0
35413_B8S5cnmpHIz.jpg,0
8301_B76EcBMAs7z.jpg,0
26556_B8Mj3Vwlbpe.jpg,0
33252_B8RPL2MnC6w.jpg,1
25756_B8IVf72JsxZ.jpg,0
27522_B8L4qxznX2r.jpg,1
22148_B8F05gNHYJF.jpg,0
34381_B8PmT4nFTry.jpg,0
51_B7yC3JbA63N.jpg,0
19869_B8FD5arJNRz.jpg,0
10096_B77TXLahZT0.jpg,0
168_B7xrRPcj9i0.jpg,0
21348_B8HZxkInWy3.jpg,0
20715_B8FjIuNhXqm.jpg,0
10370_B77xTX8Ba3K.jpg,0
33162_B8OjGCNBms7.jpg,1
28172_B8H9gyMHjSP.jpg,0
16259_B7-2iwIHJ3X.jpg,0
9270_B76zohTDI1T.jpg,0
15841_B7-R3uNhsyY.jpg,0
11402_B78TJIsAUyy.jpg,0
28353_B8KmLYHgraU.jpg,0
32827_B8PLBXynTIG.jpg,0
7505_B76G4cEJ7tQ.jpg,0
28762_B8LcenkJIKY.jpg,0
36629_B8TC8AkhUK1.jpg,1
29314_B8J_fagpQji.jpg,0
12605_B79ZvWSF4cU.jpg,0
15477_B7_3sBQosFh.jpg,0
30357_B8PgzYUJYpa.jpg,0
5889_B71SCN2jtUy.jpg,0
22615_B8DKzB2BnRU.jpg,1
10868_B75kwyYhikN.jpg,0
27276_B8Lt9CDpXc6.jpg,0
33004_B8OtAyel9Lg.jpg,0
30174_B8Rl7dqBx1-.jpg,0
37927_B8UCVQTFSuu.jpg,0
22736_B8FcT4wHEPC.jpg,0
6481_B7zyUcRh9qs.jpg,0
5203_B74I8B3l5cY.jpg,0
36915_B8UDXZQlsn5.jpg,0
23482_B8C4xq9jhiY.jpg,0
22510_B8F5BXJH2pp.jpg,1
21528_B8GVUnslcrH.jpg,0
4916_B7zizYyBrsu.jpg,1
18731_B8FkUVnAkUg.jpg,0
19282_B8GzUl_lmH8.jpg,1
7903_B76Bxk_HOD6.jpg,0
19188_B8FfUJwjV4t.jpg,0
12918_B8CcN3mhn09.jpg,0
9735_B78gxgznSUD.jpg,1
15390_B7_E2qpDyy1.jpg,0
34677_B8NTdLWADcH.jpg,0
8450_B75LD2TnvIr.jpg,0
31130_B8RkW9hBTQ8.jpg,0
8718_B752-myjv38.jpg,0
3453_B733iziA1Jx.jpg,0
18266_B7-Ql9ZliLk.jpg,0
27443_B8JmqG8po0m.jpg,0
15902_B7-wpp0HBVa.jpg,1
10650_B78lF-fhLVw.jpg,0
21361_B8DDr3nl6kx.jpg,0
3969_B702fRGhjCj.jpg,0
14914_B8ByTVdHIEQ.jpg,0
34454_B8P_pTag-_4.jpg,1
17002_B8AJP2_HXt2.jpg,0
36383_B8Ty1pfBrDG.jpg,0
12847_B7-6CTSnTco.jpg,0
9397_B75YGXNHKTO.jpg,0
21922_B8EizLbhzAX.jpg,0
6958_B72xevbJE6U.jpg,0
33627_B8OrUuxghv7.jpg,0
23959_B8Kf5bRgBTG.jpg,0
19628_B8DD_QllXUp.jpg,1
5625_B74Mo4xBKrv.jpg,0
29479_B8JE30ZAxmp.jpg,0
9044_B75pvFygIiH.jpg,1
12776_B7_2Fmqg0aC.jpg,0
24807_B8KURnbAIdB.jpg,0
20100_B8GNC4VFEAC.jpg,0
27397_B8KJ7f4FJie.jpg,0
5917_B73SWrgFAbf.jpg,0
34945_B8Or32FHKME.jpg,1
6528_B70BZJPAVu5.jpg,0
7961_B76hmAvBoCn.jpg,0
12870_B7_FmEmH5iO.jpg,0
22406_B8E3ll-hVjK.jpg,0
18209_B7-_kcnAR2t.jpg,0
20347_B8DOEAihCNG.jpg,1
26633_B8KrLXVItma.jpg,0
4135_B7z_FM1BnoU.jpg,0
27651_B8MUIHiBs4j.jpg,0
19766_B8DL1IZAVfj.jpg,0
19732_B8E3frshSEM.jpg,0
6645_B73U_QEJdKo.jpg,0
15261_B8BuUVrFPT3.jpg,0
10567_B74x3TPh8BA.jpg,1
17626_B8CVUq5iswB.jpg,0
24513_B8LTtBbJunn.jpg,0
35893_B8S-0G-JA0Y.jpg,0
5066_B72sIBqgF7v.jpg,0
14874_B8A8n8fhuwv.jpg,0
8317_B79M7k6nEM5.jpg,0
37725_B8Sb1HQFQpr.jpg,0
33955_B8Og3-HpHE0.jpg,0
30019_B8O5IL6pbNc.jpg,0
18804_B8ERp1ghz3d.jpg,0
35673_B8TbEU3i3ng.jpg,0
27150_B8JpHtLlSUf.jpg,0
16301_B8CJn2zHYF7.jpg,0
30394_B8OSMApHDMY.jpg,0
996_B7zNjRyHsg7.jpg,0
32129_B8PMrI5jGO8.jpg,0
27056_B8KpM2TBDRG.jpg,0
32629_B8QHDTmJ8TQ.jpg,1
25771_B8Kzgm1Af6H.jpg,0
22375_B8Dp-pWFyzo.jpg,1
8785_B75MXcBgAOu.jpg,1
20918_B8C0rWpgxEr.jpg,0
11351_B78DdcpA-3l.jpg,0
14319_B7-q7OjBF3R.jpg,0
29370_B8ILTK2AD2K.jpg,0
34474_B8N3z75lXe3.jpg,0
1616_B7y36NTAohS.jpg,0
13776_B7_awFvIoXx.jpg,0
5464_B72MtK6AGS8.jpg,0
28530_B8MHDbWgu-7.jpg,0
22357_B8CswRihUkt.jpg,0
31477_B8O5wDFh1_T.jpg,0
13815_B79mPYJg93T.jpg,0
12507_B76dnMqgPxv.jpg,0
27929_B8Mo8KPl1cV.jpg,0
11809_B78yqDqHZZq.jpg,1
5346_B73uGL1HXvs.jpg,0
25450_B8MAhe7ju0_.jpg,1
12_B7xuF-8Hg96.jpg,1
6177_B736L6-BxNV.jpg,0
11007_B76p4ChnSdF.jpg,0
32578_B8RGm4KH8eY.jpg,0
6409_B73ahLAF-Il.jpg,0
9743_B74xM3uJePZ.jpg,0
1641_B7yU_ZRAw6r.jpg,0
29072_B8JaF04j4dH.jpg,0
16863_B7-8Rm_pXXs.jpg,0
24091_B8JwBSilQTG.jpg,0
29759_B8NIp9mnpE9.jpg,1
15214_B8BI2hTAdwX.jpg,0
2309_B74ToulHUV4.jpg,0
13896_B8BuuGnCLE9.jpg,0
10973_B79O3lpJKla.jpg,1
14878_B7_MLF0Ar9B.jpg,0
36485_B8UHDL1l23K.jpg,0
26400_B8JysxBl_QT.jpg,0
452_B7y9aoJJvBW.jpg,0
27991_B8KGUO-JS6K.jpg,0
29649_B8OTvPmnyW1.jpg,0
34578_B8RKW0EJRgU.jpg,0
11784_B74-ryaAf0a.jpg,0
20831_B8C-RFvgPMM.jpg,0
25595_B8JG-8Plc6r.jpg,1
6809_B70aUewhBV7.jpg,0
16554_B8BUtV3A-Fm.jpg,0
36786_B8UQ6XQjMsg.jpg,1
4562_B728qmwjlPw.jpg,0
25751_B8MXE-OAZiq.jpg,0
31564_B8QLDy9naWh.jpg,0
4688_B7302mjhVS8.jpg,0
35118_B8QtAAyjKex.jpg,0
37535_B8R0M5FqNqJ.jpg,0
11266_B79ChhbgMtV.jpg,0
1986_B7x2he8l2Df.jpg,0
28528_B8KLBWJAgKq.jpg,0
7583_B7765yOFTzQ.jpg,0
21424_B8FYQ1ODncx.jpg,0
29018_B8IzEupB9hz.jpg,0
3238_B71AB8LJUSB.jpg,0
6709_B74QpqSFR-B.jpg,0
26176_B8Kw-JPgg3w.jpg,0
37514_B8U7iZ1Ahdn.jpg,0
33028_B8RkSD4nF1D.jpg,0
13255_B7-E9SlFFbl.jpg,0
5804_B728DHYlcPr.jpg,0
12537_B785eQxn0p4.jpg,0
21182_B8GsXqnluJ1.jpg,0
19101_B8C4KvCBJmc.jpg,0
31997_B8OpvI8p4So.jpg,0
8197_B757S6Jl2bX.jpg,0
28535_B8K6YqRnDRs.jpg,0
3917_B73Z_x3g_r7.jpg,0
26427_B8JbkKbpdEf.jpg,0
36473_B8VOOw7pyzi.jpg,0
26373_B8L0Xc0HbOS.jpg,1
11756_B73hT_zHXx0.jpg,0
27597_B8KwtYUpHYi.jpg,0
29786_B8RPNIZnVmA.jpg,0
30086_B8P8zmtn87E.jpg,0
6758_B74Lc0ID9uo.jpg,0
29073_B8MmyZ2pkjS.jpg,0
33847_B8RerYrBkNb.jpg,0
19584_B8HMTB7n8Lc.jpg,1
4807_B74SA-yHf7y.jpg,0
29292_B8L1LhKBIkQ.jpg,0
29713_B8PWxX1lhdx.jpg,1
7835_B77XbOSltER.jpg,0
14810_B8BLcZQBeiH.jpg,0
36101_B8T2E0snkrD.jpg,1
12706_B8CNsQ6lwRK.jpg,0
11643_B75UjJvHzx0.jpg,0
35924_B8VIU0il4B2.jpg,0
26279_B8M35HEJ052.jpg,0
30096_B8PtL2XHHbj.jpg,1
30279_B8PoRbxHb2b.jpg,0
8178_B79gIE8IPHy.jpg,1
19051_B8E4JFCFU0W.jpg,0
4545_B70U69CImh6.jpg,0
23891_B8IgKWanBaN.jpg,0
7476_B76nQtPpkQZ.jpg,1
28157_B8K_wSLA95G.jpg,0
3515_B71yOcfl0w5.jpg,0
37545_B8UI2UVpozw.jpg,0
36832_B8UOcm3Al-6.jpg,0
14587_B7_5bU7FxcE.jpg,0
18654_B8He18MAlrm.jpg,0
35004_B8NUEzmpx-x.jpg,1
21422_B8HLrWzntxq.jpg,0
17457_B7_TbxQhbAU.jpg,0
11206_B79SsqljaAj.jpg,0
6557_B71JSNZn3ju.jpg,0
19665_B8HfP3NFSQQ.jpg,0
32242_B8QEVFhgXIx.jpg,0
19181_B8FllP3JoDk.jpg,1
21788_B8ELJiqlP4e.jpg,0
18007_B8CSO3OoBNV.jpg,0
629_B7ytev_BOe1.jpg,0
23198_B8HiVdVnaSX.jpg,0
24383_B8KqqsjAA_O.jpg,0
29593_B8LMQ7VlTND.jpg,0
4727_B70x11DJILD.jpg,0
17956_B8BEjzDJeqs.jpg,0
5767_B72d8DfClp-.jpg,0
14811_B7-5W_Now2i.jpg,0
31551_B8Pyur4Amkb.jpg,0
23876_B8MObsqFCbG.jpg,0
9079_B76o9z2nULI.jpg,0
32481_B8N7LnPhXG5.jpg,0
31781_B8RWg_bnB9Z.jpg,0
5743_B71-901H201.jpg,0
26794_B8JJACbH02s.jpg,0
26755_B8I2jYQoMgR.jpg,1
628_B7xvTz_HzGh.jpg,0
22509_B8DBNLjI-0N.jpg,0
4088_B72AgUIgeA4.jpg,0
13483_B8A7_DKlYjh.jpg,1
1313_B7yxnYoBEwc.jpg,0
11998_B76e1QynbXF.jpg,0
9185_B75mX9GlFlR.jpg,0
20669_B8FYx81B5C-.jpg,0
5833_B72WCbvlsU-.jpg,0
38306_B8TyJBFnjHW.jpg,0
12057_B77GKI2hoQI.jpg,0
17475_B7-Ww0uJfWl.jpg,0
16906_B7-1pjpH4yE.jpg,1
9240_B75S4t7gVnW.jpg,0
15919_B7_MCSsF2Mo.jpg,0
7430_B7791xOhhge.jpg,0
22619_B8GgaFSnJMZ.jpg,0
25547_B8M6FHBAeLu.jpg,1
4620_B7zeMcAH_EN.jpg,0
19031_B8HNOqShTTW.jpg,0
12351_B78j2IgBTY8.jpg,1
15301_B7-WulWDo6B.jpg,0
18460_B8Dhi2dlKb4.jpg,0
1209_B7x4J-nBpBx.jpg,0
5779_B74KAdjgdBP.jpg,0
31544_B8RPCasBQnz.jpg,0
37672_B8To8akJof_.jpg,0
9323_B75EN9-H_Hp.jpg,0
29070_B8IeL0bFxx-.jpg,0
8705_B79TFTTg8KH.jpg,0
9732_B74wSVFH3pv.jpg,0
21977_B8DkJ61pi58.jpg,0
31045_B8RE1StFaCU.jpg,0
35324_B8USxmxlkeJ.jpg,0
26390_B8JVQYlhY-h.jpg,0
4699_B739mAfhstq.jpg,0
31695_B8RlfOKBCr5.jpg,0
37836_B8Ufd9Fngyu.jpg,0
6710_B74EHUyovlZ.jpg,0
18577_B8C9fzHDaiS.jpg,0
29897_B8RazFvJkX7.jpg,0
15061_B7_0CURlZeG.jpg,0
3012_B738NM-FKMc.jpg,0
14156_B7-vhhrDGCN.jpg,0
17272_B7-WZ3GAq_E.jpg,0
9535_B77hMy6AQDe.jpg,0
27547_B8L5wC6lTha.jpg,1
9235_B78qqduBsv-.jpg,1
23511_B8FI1j_hbJO.jpg,0
5845_B72n65ZgpCx.jpg,0
16937_B8AeSaWBzca.jpg,1
21396_B8GCfb9JhQm.jpg,0
18176_B8B5J_sHw8g.jpg,0
29348_B8INA92AJ3q.jpg,0
33424_B8N1yl6jlQB.jpg,0
13004_B8AHwbSnLQg.jpg,0
10675_B79fJU1JuxI.jpg,0
33233_B8OluGoFBA5.jpg,0
28434_B8JbfqBlebC.jpg,0
33456_B8PFrExlQt2.jpg,0
37104_B8UZWNapdbO.jpg,0
1307_B7yYViNgzN5.jpg,0
13883_B7_f-BvhQyW.jpg,0
17755_B7_j_6tpXVM.jpg,0
12344_B78CbgZhxd7.jpg,0
5485_B74Fe9rDAAe.jpg,0
3160_B74V3YTF2rD.jpg,0
2916_B72YCt4FrMl.jpg,0
37066_B8Tan0ehrgV.jpg,0
11151_B77yYpbAglI.jpg,0
15625_B8CHzcUhwnN.jpg,0
30612_B8QnelPJJ7F.jpg,1
37000_B8S2hG3FM-a.jpg,0
37306_B8S9LXfFB1Y.jpg,0
30266_B8QrfzLHPX2.jpg,1
27187_B8Jlcz-FRmo.jpg,1
6978_B70sAK-BjZm.jpg,0
25683_B8LrwdvFK5I.jpg,0
23171_B8E723UiAUW.jpg,0
35371_B8SI8eXHgk8.jpg,0
14048_B7_73SjBmvH.jpg,0
28010_B8Jb4TGJ5KM.jpg,0
10815_B79FSMTDo4H.jpg,0
23450_B8GA3olhvry.jpg,0
5670_B7zd215lpiA.jpg,0
15030_B7_AE00p7SK.jpg,0
7425_B784evUhxee.jpg,1
37822_B8TVFRUpDHB.jpg,1
10620_B77OUpFBvIV.jpg,0
3575_B702m1zAzcQ.jpg,0
20537_B8FaM0HpKuQ.jpg,1
35415_B8TskbFgPVZ.jpg,1
31489_B8RLWgjjmtf.jpg,0
30957_B8PTO9eHk3Z.jpg,0
34030_B8QhZq0JFRb.jpg,0
4943_B73uX0SA5fM.jpg,0
935_B7ykvBZp3M5.jpg,1
26871_B8IjAkkncne.jpg,0
8756_B78kPqOlQ1g.jpg,0
19968_B8EC6jcgHYc.jpg,1
31377_B8OLxRPJbnO.jpg,1
14128_B7_Yar7FomE.jpg,0
25119_B8Mnw_KFAAU.jpg,0
9624_B762cNnADnu.jpg,0
36375_B8TFPQzls4b.jpg,0
17164_B7-7cgkJ92L.jpg,1
25785_B8KcCQClgjf.jpg,0
3084_B71GQZnBXdA.jpg,0
28864_B8K3udWh3TS.jpg,0
23940_B8KBZxBgG0F.jpg,0
19014_B8HOkRUJx7y.jpg,0
18170_B7_1Ce4BhW3.jpg,0
35577_B8UGmTXFzSR.jpg,0
24101_B8MupmxJkHw.jpg,0
18482_B8GrVHLBda8.jpg,0
4041_B74Fat6gKYJ.jpg,0
27299_B8JWpSlpOGJ.jpg,0
4009_B7zZEBIAkQn.jpg,0
27192_B8K97HylRxW.jpg,0
30348_B8SA1TVJvVI.jpg,1
23902_B8JrvZqFZro.jpg,0
27930_B8K40aenEAG.jpg,0
19082_B8D3G1THVPO.jpg,0
35142_B8N8Nk4HXRR.jpg,0
21953_B8EOmWeK74v.jpg,0
3629_B70myLtpqZ-.jpg,0
28793_B8MBRDkpIS-.jpg,0
28769_B8LAdBYgK6R.jpg,0
29909_B8Qm6mtH2Jj.jpg,0
8605_B78o8hunrNa.jpg,0
36978_B8Sgjw8J-nQ.jpg,0
8434_B76aBCppZwd.jpg,0
18228_B8CkMAVFm1h.jpg,0
22401_B8HdC7dDAbf.jpg,0
16756_B7_hmC3hB4O.jpg,0
15385_B7-4hr-gMHV.jpg,0
23441_B8GqouDHtrW.jpg,0
22169_B8Cx1aFCq0T.jpg,0
26007_B8IhovaJEA0.jpg,0
12075_B76BrreF9Xa.jpg,0
17825_B7_3LJPg44R.jpg,0
2169_B70uXx1AsMW.jpg,0
13523_B7-0snFHb9R.jpg,0
3326_B7z-12THWVm.jpg,1
17263_B7_Qbo_Hiei.jpg,0
27128_B8JlgSKHE6s.jpg,0
28035_B8K8Gk2FfKu.jpg,0
23151_B8HnPmUHKk0.jpg,1
11452_B74tVvrAQAT.jpg,0
5746_B70cbU9JmmJ.jpg,0
11927_B74nkYOlUXb.jpg,0
37474_B8VG0e-p1q7.jpg,0
37278_B8SH5GwBGo9.jpg,0
34592_B8Nm1Chg3RB.jpg,0
30889_B8NLY1JHv0-.jpg,0
23045_B8Gnc8FIfWB.jpg,0
20579_B8D28psJ6XV.jpg,0
1428_B7xR_qnFQHj.jpg,0
36136_B8UPYOBhs7P.jpg,0
26521_B8JUXtelHvr.jpg,0
17709_B7-U-7_DRy3.jpg,0
35343_B8VM52-FUKY.jpg,0
4482_B7zcEDLlTeS.jpg,0
33936_B8RKZtUnDKs.jpg,0
26539_B8JnJL3HKQu.jpg,0
15141_B79qVAbA69b.jpg,1
28748_B8KepxlCm16.jpg,0
25900_B8IsZyTIAVO.jpg,1
33590_B8No7meDHNO.jpg,1
21469_B8EA0sfAuA1.jpg,0
37067_B8S55k1J5P0.jpg,0
21097_B8C1ukCp4hQ.jpg,0
10849_B765Ly8AU5I.jpg,0
34032_B8O6GkaprqG.jpg,1
5214_B73kf9-nM39.jpg,0
30154_B8RVsPoCvmf.jpg,0
13109_B8BxKpBhmRn.jpg,0
1639_B7x1AMcjeO2.jpg,0
8720_B74nlGPnEHc.jpg,0
20072_B8Fg7BHhKO9.jpg,0
19218_B8GhQF-JMR3.jpg,0
5753_B74Y7SWBAiH.jpg,0
10422_B78LPsegDGf.jpg,0
25486_B8JArehDvB7.jpg,0
8610_B75Rq-who7R.jpg,0
31642_B8Q7saKD9WJ.jpg,1
3270_B71HwjclMJJ.jpg,1
24809_B8ItcGwJdkB.jpg,0
37230_B8UZCNxnALT.jpg,1
28463_B8IVUEaBT92.jpg,0
22415_B8F7Rf4A81Q.jpg,0
17770_B7-FObylOKt.jpg,0
31963_B8RDjfAg_fx.jpg,1
25037_B8Kn-VjFs1o.jpg,0
3164_B72lRF_gtip.jpg,0
31310_B8Qh79nlVTk.jpg,0
10795_B78wDttBkVR.jpg,0
38171_B8UwKZdnhD_.jpg,1
13307_B7_Nkc5gP0X.jpg,0
29514_B8LLCXbHqxi.jpg,0
2739_B73rkHTpA34.jpg,1
418_B7x94yWhqgo.jpg,0
32319_B8NqI1VJH25.jpg,1
6591_B72qbHWgPBE.jpg,0
9856_B79VL8qF72j.jpg,0
19086_B8EGHEPJMkX.jpg,0
21492_B8GpfKPgPJ9.jpg,0
2728_B70xY7qHSYl.jpg,0
27222_B8JoexqnNGw.jpg,0
4644_B73W2cui0y2.jpg,0
35366_B8UsHQkjg00.jpg,0
22461_B8F7yfhAMqL.jpg,1
35681_B8SatYQnQ-E.jpg,0
341_B7xT14HnZB8.jpg,0
19514_B8G8x8qBFGf.jpg,0
13333_B8CkPDWH2vZ.jpg,0
7868_B787htMB95c.jpg,0
1848_B7y4pkpgQ4Z.jpg,0
10943_B74qaTzFjd9.jpg,0
20295_B8FMbNshdxb.jpg,0
24482_B8Mma8sFs6B.jpg,0
16932_B7-9xlohfSD.jpg,0
5891_B70HSXmJI8S.jpg,0
20456_B8ERWXEjzJT.jpg,0
26180_B8MKcW8gR7a.jpg,0
1517_B7zDzMFjmUO.jpg,0
37501_B8Spra_lSQO.jpg,1
16408_B7_bj95JbAb.jpg,0
29978_B8Ofot0Jg7Q.jpg,0
18865_B8HorhNBlNY.jpg,0
35817_B8TsuB8BNLi.jpg,0
28149_B8MuYylDjZr.jpg,0
38442_B8SJ-1IJauT.jpg,0
20061_B8EXeZQn8yk.jpg,0
2481_B71z9C4APlY.jpg,0
10775_B746iu3lSCB.jpg,1
10955_B79WsYnDfMn.jpg,1
1818_B7yDvVBHz-o.jpg,0
8472_B76S43Sp5kJ.jpg,0
27766_B8JmDouly15.jpg,0
10401_B77kJnSnc_e.jpg,0
14441_B8CMYOTiNOE.jpg,0
33505_B8RebbeFnhP.jpg,0
4131_B7ziiW0HA1z.jpg,0
21689_B8GTz2MAchv.jpg,1
14837_B8B0M7gn-vs.jpg,0
5817_B73HmvapmGC.jpg,1
9907_B75nQGBp_er.jpg,1
10129_B76mavwgOrd.jpg,0
656_B7xe6vyHLfx.jpg,0
24010_B8JTiqmHBJX.jpg,0
31322_B8RsksognPg.jpg,0
1086_B7xxXVqg9wF.jpg,0
14383_B7-SpmrJtax.jpg,0
25158_B8Lj4UfhOe3.jpg,0
17317_B8ADDdeAT7z.jpg,0
13565_B7_8bE_J6uq.jpg,0
12392_B76rk9tgGOg.jpg,0
13336_B8CEloBFwNJ.jpg,0
7693_B78Vc52Jd4i.jpg,1
13983_B7_YAP-Hthg.jpg,0
38003_B8U2t2gHUo2.jpg,0
10732_B79VRWflCqZ.jpg,0
36580_B8TS7b6hctG.jpg,1
16431_B7_1vJVA3h1.jpg,0
23078_B8GZW8Yn2mn.jpg,0
15374_B8BY2RMJpu1.jpg,1
21225_B8Gc1ekJyBx.jpg,0
33893_B8P58yHozdK.jpg,1
7551_B78cGegg8Gb.jpg,0
13256_B7-Vmail6dS.jpg,0
4315_B74UAMLDdSb.jpg,0
19383_B8EpKCMh7Gw.jpg,0
899_B7ylJ93HtPF.jpg,0
9021_B75CIKllaKi.jpg,0
19737_B8E8n7lIVkL.jpg,1
32598_B8O8SR4ns2R.jpg,0
13693_B7_JYnDlhXt.jpg,0
6267_B7zc3IwAv6n.jpg,0
34421_B8NabYbBn0U.jpg,0
16689_B8BepsnHMSs.jpg,0
28002_B8JeC6sDbnh.jpg,0
23459_B8FBrq1AL0b.jpg,0
23606_B8C-So1BvK5.jpg,0
17089_B8CpN0zlXoq.jpg,0
11911_B745xCrHU6L.jpg,0
38425_B8VKykHp8ma.jpg,0
20767_B8DejWQnJFN.jpg,0
17037_B8CB1fxBqc5.jpg,0
35316_B8TM9zHAfSH.jpg,0
15917_B8ByLmynpGM.jpg,0
25259_B8MitF0gc-a.jpg,0
29458_B8JwHdJh87E.jpg,0
14724_B79kGDdFTu6.jpg,0
31017_B8OfxVUBgVG.jpg,0
15596_B8AwBcknY7Y.jpg,0
5126_B73BJ8uDPCP.jpg,0
4164_B7zzyf_hMYQ.jpg,0
10946_B779y6Sg60r.jpg,0
6683_B72WW9BBlHR.jpg,1
29273_B8Jh7oHFock.jpg,0
23434_B8HVs5NhNCc.jpg,0
10548_B77SxX8n22-.jpg,0
20251_B8D5Wg2pZJd.jpg,0
12615_B75WXFKnsx1.jpg,0
8237_B77gg0VhiqS.jpg,0
7431_B76EfDiHzu8.jpg,0
17102_B7_d3GWIblF.jpg,0
22794_B8EGj2mnxvT.jpg,0
35357_B8UWPEdHLc6.jpg,0
33777_B8QffqxhKvM.jpg,0
2965_B74PCkaH5mE.jpg,0
24863_B8MCyr_puQL.jpg,1
23012_B8DC7VxAiT3.jpg,0
38221_B8T6vOFlapk.jpg,1
3320_B72RlkXnERz.jpg,0
30331_B8Rdlc3nrfe.jpg,0
37173_B8S3NpIgEZ_.jpg,0
26496_B8JVn1nhkDF.jpg,0
3088_B700SPhqC9-.jpg,0
37295_B8S-z0HJpwj.jpg,0
30535_B8NFxtwFfbF.jpg,0
283_B7yqMa1gnl2.jpg,0
25561_B8Mtu7WJ-70.jpg,1
15274_B7_JyG7n9Ty.jpg,1
6842_B7zUHP0pnzp.jpg,0
6928_B73MpInl5gp.jpg,1
22699_B8F7UU7il6H.jpg,0
9070_B740upzn6mo.jpg,0
5063_B73E0uBppN3.jpg,0
19591_B8FLY5MJsWn.jpg,0
7755_B75zMWGF6wZ.jpg,0
1698_B7ytE-Tp1QW.jpg,0
33542_B8RgwLFgZ53.jpg,0
33769_B8OHxMbl5jx.jpg,0
17114_B79i2BcF-Ma.jpg,0
17017_B8AUta0paCc.jpg,0
4744_B71P0HIijxv.jpg,0
36919_B8TFKB7n1sP.jpg,0
35139_B8QGoWmJYJZ.jpg,0
10961_B77_zErn1UG.jpg,0
36306_B8SjL50HnJp.jpg,0
31786_B8NMxv5plGF.jpg,0
23058_B8HJTKxgktl.jpg,0
2958_B7yUKnQirjk.jpg,0
38274_B8TRmJtlRMZ.jpg,0
5830_B72cvy3n30A.jpg,1
13276_B79_vfrlAZz.jpg,0
19207_B8HIRFzFnZY.jpg,0
25878_B8JmhTjFWUU.jpg,0
30338_B8QxBMAH0At.jpg,0
23345_B8Divn3ldqo.jpg,0
17989_B79qcsMpSq0.jpg,0
5083_B70GU9nKofA.jpg,0
25847_B8Kh1RoHPQN.jpg,0
22472_B8HCf79Bi2m.jpg,1
32233_B8NDP2Spq3Y.jpg,1
6587_B73l69SBL0-.jpg,0
6524_B71ca24nJ9H.jpg,0
20454_B8GhAsRntAM.jpg,0
15180_B79lhRKjZSu.jpg,0
9690_B78CvosBKm-.jpg,0
15648_B8AdE7Vl9II.jpg,0
11848_B7441b6neoC.jpg,0
37134_B8Sj7irAB55.jpg,0
25661_B8IWD63AdDh.jpg,0
7543_B75Wf4MCKC1.jpg,1
17567_B8Cr5xKF5HT.jpg,0
27549_B8JoFRyFEB4.jpg,0
5478_B703WJmBu71.jpg,0
9939_B787MJUn_Zz.jpg,0
30313_B8Nyr_vJezE.jpg,1
35240_B8SYpt8gAqJ.jpg,1
34823_B8Nubf-A-HD.jpg,0
6466_B71F8yShXqA.jpg,0
27271_B8Ik6zWjb7D.jpg,0
32779_B8PCnoEp0ID.jpg,0
32596_B8PUOFDnNUi.jpg,0
29114_B8MMmZYphSm.jpg,0
17662_B7-IVnChmry.jpg,0
26913_B8JgvAEgeIr.jpg,0
8_B7xS9MhFbDv.jpg,0
5966_B73fFliA8dv.jpg,0
28354_B8Lex6_p1wQ.jpg,0
9911_B78qCU5Hz08.jpg,0
16309_B8CXH3wHgUJ.jpg,0
27290_B8JguDwFbec.jpg,0
28627_B8LqjW2HiFt.jpg,1
14291_B8Bwr5ZH-Wg.jpg,0
23128_B8ESm_7pZn6.jpg,0
37936_B8T-00wjt5W.jpg,0
3429_B72CaV2JipV.jpg,0
33947_B8OShcSl-mA.jpg,0
4116_B70uSt2Aceh.jpg,0
10151_B77RIhlHWk8.jpg,0
25403_B8JFjP5lMpg.jpg,0
19960_B8Gul9pJWTF.jpg,0
20008_B8GwaQIDXU_.jpg,0
10339_B79e7TIB5lD.jpg,1
12074_B78SA-Vg4GA.jpg,0
23163_B8EFNRegGJq.jpg,0
9084_B767qcfnkGu.jpg,0
21499_B8EJkmdFsF7.jpg,1
19025_B8FLKavA17A.jpg,0
19924_B8FEqFqjR2V.jpg,0
35803_B8TKo4bhj3b.jpg,1
15287_B7_0MKhJC4i.jpg,0
35227_B8Tzz4yJ_Az.jpg,0
22150_B8DrFX2Fnsy.jpg,0
32187_B8OMhcllE87.jpg,0
9189_B78pNJkl51c.jpg,0
24714_B8JgNaeIyuR.jpg,0
24886_B8Jp_t0Htks.jpg,0
27270_B8JQbp5FHzg.jpg,0
27673_B8JZtoIJpjc.jpg,1
31588_B8NsYVDh1HG.jpg,0
38448_B8UNE96Dod8.jpg,0
37227_B8TWd0eAwpl.jpg,0
34883_B8RTtPFn5is.jpg,1
25014_B8KODCfBULV.jpg,0
18524_B8EXiDpHorm.jpg,0
25267_B8LpNqggfDI.jpg,0
9852_B75SQA5pGuc.jpg,0
12608_B788e6ul240.jpg,0
20959_B8G1dQIpyyY.jpg,0
30925_B8SAN6RFuA-.jpg,0
14534_B7_wG3GhTbY.jpg,0
23182_B8HF3MRATuZ.jpg,0
31290_B8QQISjgq2r.jpg,0
261_B7yqdIOIyKr.jpg,0
20468_B8DkXNbgp9F.jpg,0
23851_B8KZBusgY1v.jpg,0
28015_B8KuQF5Jq0p.jpg,0
12216_B79Mc_cB_Am.jpg,0
17309_B7_TMmvAfyF.jpg,0
19458_B8G26hUDXRr.jpg,0
37155_B8UdCiwIqat.jpg,0
9903_B76gkbEIc00.jpg,0
35459_B8U1M7DlAq-.jpg,0
5909_B73s6p5oirC.jpg,0
30656_B8QuKj_hvF8.jpg,1
24053_B8Kt_7YFSeB.jpg,1
16337_B8B4SLEJR-m.jpg,0
34795_B8PtWDOI6nk.jpg,1
32907_B8NfuJyhgYH.jpg,0
14371_B7_pRY4jpRg.jpg,1
24642_B8IGVjjnrxV.jpg,0
20246_B8GsqEVgLw2.jpg,1
17578_B7_hom1AAD5.jpg,0
2153_B72eQckAPCE.jpg,0
10950_B75kYp-pLUy.jpg,0
12472_B7711XEB_Jf.jpg,0
3896_B73QGrAlEJN.jpg,0
28718_B8MIHxfFHrm.jpg,0
24969_B8L4C8wJZro.jpg,0
10685_B76Bj6fBTuU.jpg,0
35719_B8Sx5HwFmWa.jpg,1
7821_B79ZmbrhwMf.jpg,0
24488_B8Jf9VCFq37.jpg,0
6881_B7zdNnCj21l.jpg,0
21630_B8F3bmsFXHI.jpg,0
36256_B8TmmN5g7lq.jpg,0
33271_B8Q5fL2hl-q.jpg,0
6976_B719t7Vnd-g.jpg,0
259_B7yGkd2BSyX.jpg,0
17257_B8A0TuHlGMj.jpg,0
30319_B8PqY4vJcSk.jpg,1
33427_B8QZxEhnxQQ.jpg,1
9905_B773RMQIata.jpg,0
13826_B8CkreKhMlf.jpg,1
29080_B8IK1XqHgB8.jpg,0
9677_B76xkONpfXd.jpg,0
27570_B8JW-znhnpq.jpg,0
542_B7y-GaSnsBD.jpg,0
8129_B773EaRJGRT.jpg,0
36667_B8UUBKUpeXy.jpg,1
38193_B8URG7Yg1jz.jpg,1
10647_B76gbdpFake.jpg,0
8326_B74_i3pH4m9.jpg,0
30113_B8PC0dDFbsM.jpg,0
13501_B7-UW54p3sx.jpg,0
28956_B8LF_5yFt3E.jpg,0
36005_B8U0Z8tFTwz.jpg,1
8895_B780M9RB_Ar.jpg,1
675_B7x8dCsHana.jpg,0
21778_B8DQyEuIFyj.jpg,0
8961_B74mpLLllN2.jpg,1
27626_B8L6s1lpqjE.jpg,1
13207_B8CMjKTAuXl.jpg,0
5071_B732TD_lyl0.jpg,0
3462_B71rCjRBBS6.jpg,0
461_B7zEJOigZ7J.jpg,1
13743_B7-2BcyBi1N.jpg,0
28844_B8K_16Dnj43.jpg,1
18785_B8EB9zfh8T1.jpg,0
6290_B70qd4HgxWA.jpg,1
1652_B7xb3xaIlsB.jpg,0
18758_B8HwaOQH5GL.jpg,0
15224_B7_jCyvlRl5.jpg,0
19233_B8FiUdlBefH.jpg,0
17438_B7_nLF-n4v9.jpg,0
27248_B8Mlr-YgP7e.jpg,1
26260_B8II7DplEEy.jpg,1
24490_B8L9GPoIKKa.jpg,0
4186_B73et0lJjYY.jpg,0
31085_B8PRw8oBp9X.jpg,0
21414_B8EKlcRo1-u.jpg,0
14549_B7_MFVhBsWt.jpg,0
21104_B8HFYTRgN1X.jpg,1
35210_B8S_ekcg9JF.jpg,0
11797_B77wRlrgvCs.jpg,0
16003_B8CUx-TlJdn.jpg,0
3438_B71lGffFplg.jpg,0
140_B7xvSy2FAOd.jpg,1
27889_B8JgBJdlBxr.jpg,0
32958_B8Rto1jlBTB.jpg,0
35198_B8UqfEbpXY1.jpg,0
31305_B8OLOMZgCM4.jpg,0
13184_B8B9gdIBm0P.jpg,0
12266_B75_VEUhczr.jpg,0
27898_B8JpiTyFbtQ.jpg,0
30776_B8RWd0wHO79.jpg,0
4797_B74Z9_Eh2wP.jpg,0
12612_B78TcAzh54A.jpg,0
7273_B75afJFHuTj.jpg,0
27154_B8MojpBHrDV.jpg,0
8359_B754dLhhSIa.jpg,0
3127_B72rLqAJyi-.jpg,0
3225_B7113SMnxYl.jpg,0
24507_B8IN4yYH2jd.jpg,0
23080_B8FqBubB6JD.jpg,0
22970_B8EYP06jpYj.jpg,0
28693_B8IbcEOH3Am.jpg,0
9830_B7822aeFlxW.jpg,0
26319_B8LBrvYlbL_.jpg,0
17460_B8AuBBSJhYp.jpg,0
623_B7yoZvrJN4Y.jpg,0
1513_B7ywG0Chej_.jpg,0
14947_B79jMwxhUX-.jpg,0
9217_B75M4Nmp8s9.jpg,0
25356_B8KfPvgBNiT.jpg,0
25419_B8Ka0nfIz_p.jpg,0
31248_B8P4Z95lb9q.jpg,0
34423_B8RXOqaHQFs.jpg,0
29326_B8LYOpMhuvy.jpg,0
9806_B78SUNYneLX.jpg,1
23339_B8DBg01FQTs.jpg,0
5765_B72ly2QBn_U.jpg,0
34993_B8NNEQ4ndGG.jpg,0
24259_B8KhCiZlox7.jpg,0
18823_B8GO9l3H5gS.jpg,1
697_B7xSA5TnSIP.jpg,0
33738_B8Rt3P8nW92.jpg,1
2262_B73d3p1H1Bl.jpg,0
19408_B8EZPfunXyk.jpg,0
21074_B8HH7ggJUrK.jpg,0
17184_B7-uq6UhT5n.jpg,1
14308_B7-66I6pKsn.jpg,0
25130_B8L90XKnxAW.jpg,0
26627_B8LtacNliZ7.jpg,0
9458_B753W5-l9mS.jpg,0
19235_B8HnT8DBTmO.jpg,0
26274_B8IeUjvDVg_.jpg,0
22940_B8FL6hUHhbv.jpg,0
29079_B8IKpm6g2IM.jpg,0
36572_B8UZB0fKZUp.jpg,0
27259_B8LRz0vofqY.jpg,0
36615_B8Ujek_Bq5O.jpg,0
5186_B72gY4SBwuX.jpg,0
8458_B75O8dPh3F8.jpg,1
26554_B8JvlPQl7fI.jpg,0
29133_B8MEU_znKHm.jpg,0
14841_B7_pCGfoXgf.jpg,0
1974_B7yn-Rcgyow.jpg,0
35251_B8U0y_goHk_.jpg,0
317_B7zJQVogkBF.jpg,0
32894_B8QJZ6nJc0-.jpg,0
29513_B8M6vB6nzhJ.jpg,0
4906_B74Rs8Ehb_P.jpg,0
755_B7x_h5HpB7B.jpg,0
30775_B8OA9vanM5J.jpg,0
23677_B8IsXe9o8xG.jpg,0
17158_B8CfU2GBECv.jpg,0
19903_B8FZkACgYI5.jpg,0
8811_B74fqgElqFm.jpg,0
11968_B79cSCDpJdx.jpg,0
16524_B8BZs_NAv8o.jpg,0
4472_B7z7D3Yh-1h.jpg,0
17188_B8BvQ5cB7O4.jpg,0
33282_B8R9OOZlrIs.jpg,0
8120_B757vSNHPrb.jpg,0
37226_B8SqclAhT97.jpg,0
38376_B8Tl4ichUdN.jpg,0
38049_B8VOrDcHb99.jpg,0
7798_B757-hVo80T.jpg,0
24630_B8JP1elHYQ-.jpg,0
29582_B8Iq8PkDj32.jpg,0
34460_B8RSH6klCN_.jpg,0
16132_B7_IIFIHqA9.jpg,0
17014_B7-QGCQgJye.jpg,0
8984_B75W9TKA7yk.jpg,0
18428_B8F8sqkJ-MO.jpg,0
5019_B72fHikBle7.jpg,0
14450_B7_fZ0ehipf.jpg,0
11575_B747x1ohvHV.jpg,0
15319_B8COjCAJEel.jpg,0
4417_B72CQpflX-E.jpg,0
32332_B8Q79vHHeY8.jpg,0
28814_B8MOH9jJsyG.jpg,0
27489_B8IryZyJOBt.jpg,0
3222_B73qbS5pkSu.jpg,0
31580_B8QBCgbHiDH.jpg,1
12932_B8ANEfwHbkU.jpg,0
11457_B76d1Kjl-IS.jpg,0
520_B7zFokXAEf5.jpg,0
27743_B8KNazxi1rR.jpg,0
2038_B7zKUPyh0tN.jpg,0
865_B7zHrjBnMji.jpg,0
32765_B8RecrNgORT.jpg,0
8418_B75M53wgATg.jpg,0
31106_B8Ppq_IFV5T.jpg,0
11830_B76gudGnJnK.jpg,0
13201_B8CHxaWAgEV.jpg,0
22071_B8HNXjZl7gV.jpg,0
27058_B8JjrLnF3gF.jpg,0
32729_B8QvcVlpCHT.jpg,0
34619_B8R4gSOJ8KS.jpg,0
14857_B8CFe31g3aF.jpg,0
24905_B8LJ1QYgLCV.jpg,1
33623_B8R9DmQDEbB.jpg,1
88_B7y3zHSBLwZ.jpg,0
15822_B7-94yHpErH.jpg,0
19813_B8EFXrMFuOn.jpg,0
21581_B8DF4K2pUZI.jpg,0
17945_B7_68-Knb_E.jpg,0
37829_B8SRDLclpTv.jpg,0
38246_B8SrQm8FIc7.jpg,1
10393_B76EsqKnJC5.jpg,0
35149_B8RI2KHhu90.jpg,1
1245_B7x7ysaJbx2.jpg,0
30188_B8SC6ioo5wU.jpg,0
26151_B8IQ6xjhtEB.jpg,0
22714_B8DlK9UjPJz.jpg,0
12639_B77KjIIl8MP.jpg,0
1046_B7y07wfoo6K.jpg,0
23254_B8Hn63EFcu2.jpg,0
396_B7ymn4snr00.jpg,0
18623_B8HnkyRBXzP.jpg,0
19379_B8GqWzQnrAm.jpg,0
4591_B73sTAPly1y.jpg,1
37769_B8S2qTFlfTO.jpg,0
873_B7yomAbKaDk.jpg,0
29403_B8LWDmmppyW.jpg,0
35039_B8ROLHYHQYp.jpg,0
16262_B795LPMD-da.jpg,0
27836_B8JYjIxlM_d.jpg,0
26845_B8MWP3gHZYZ.jpg,0
19710_B8HvwS2n3Uh.jpg,0
18434_B8GE89nhNZh.jpg,0
30764_B8O8VURnD5U.jpg,1
8094_B77CkM1l6Xd.jpg,0
27236_B8Mlbf_pdfy.jpg,0
16380_B8B-vSPg2OO.jpg,0
7322_B789SENBaFw.jpg,0
17011_B7-UAA0AhAU.jpg,0
16804_B8Ai_esJrvy.jpg,1
22022_B8FzGzlhjwk.jpg,0
31600_B8Nv0czAaLs.jpg,1
15951_B8BsxtUH8h0.jpg,0
10451_B75Y9B_BKdX.jpg,0
34514_B8NCl5jnHKk.jpg,0
13849_B79nKoFnkqF.jpg,0
14451_B7_t2w7pOrV.jpg,0
2782_B7xWsgalagm.jpg,0
29122_B8I6Nv7nKwh.jpg,0
34505_B8RIuHBHA_8.jpg,0
8352_B78Lj8iHaQx.jpg,0
4841_B71J5Djlk4y.jpg,0
15676_B7_nsJDnGKn.jpg,0
33353_B8PqzZ2pUju.jpg,0
7575_B789YGnlQlE.jpg,0
22388_B8Frek1gUA4.jpg,0
19499_B8Ea_kKIcIR.jpg,0
8394_B77roTTBx2A.jpg,0
14488_B7-3xbQnEXu.jpg,0
7737_B78TQAUnRoP.jpg,0
24256_B8MjK5SAw-R.jpg,0
4713_B731a1rnm__.jpg,0
30438_B8R9W5-Aph1.jpg,0
27340_B8H90WwFzTd.jpg,0
5342_B71DvoHAiTj.jpg,0
10770_B75MIcZB969.jpg,0
15202_B8AUxoNn2DE.jpg,0
14017_B8CRQcSgWGX.jpg,0
15626_B8BxQFQFJ5Q.jpg,0
17939_B7_3bijJZcc.jpg,0
28539_B8JahUhIVTZ.jpg,0
13271_B8AxiEXjsGe.jpg,0
17908_B8BXAQqBg-v.jpg,0
22998_B8D1OyIAPbk.jpg,0
24255_B8LW0OxBDIi.jpg,0
38285_B8ST5QPBfBK.jpg,0
9416_B769TecJ3B7.jpg,0
27387_B8Lvs0phUG-.jpg,0
30930_B8RjyAlhhmA.jpg,0
21809_B8D1GjNlaNo.jpg,1
1572_B7xdcTDh3IS.jpg,0
20812_B8Gu--5h76c.jpg,0
34948_B8RcsH4BtrJ.jpg,0
4049_B7zRnHeHciZ.jpg,0
14047_B7-Dgm-nkMw.jpg,0
22383_B8EAnj3pyT9.jpg,0
23643_B8C3hE-lGQb.jpg,0
24131_B8JYb0dlSE2.jpg,0
1256_B7yO1Ubgp7a.jpg,0
4093_B728-B6l9fJ.jpg,0
30423_B8RNfIsB33M.jpg,0
9737_B76gJC2J-ij.jpg,0
12599_B76FTvVHWQG.jpg,0
32342_B8SFuCeD0oz.jpg,0
35038_B8RZaTbH7ng.jpg,0
27754_B8MhSudhdf7.jpg,0
12836_B7_7ak8D7AE.jpg,0
81_B7y1A8ElAP_.jpg,0
9358_B76DfmChNL9.jpg,0
28243_B8JK0owJx7B.jpg,0
36278_B8TOItVHmLp.jpg,1
10750_B75aJlllWJw.jpg,1
10226_B76Ia-SgPuO.jpg,0
21064_B8EbOqnpiV1.jpg,0
620_B7yKVWkl5kP.jpg,0
37197_B8UwcOVgjmP.jpg,0
19733_B8FICt_JK4D.jpg,0
32424_B8R984wA9sy.jpg,0
13875_B8BpB_xgE5C.jpg,0
25644_B8IZXdVBQmI.jpg,0
13008_B7_X646HdXV.jpg,0
36776_B8SbrSJnjJn.jpg,0
5351_B70PKGUpJXV.jpg,0
8174_B7623KwBGrO.jpg,0
18880_B8GfSsJDBMP.jpg,0
31276_B8PDXU1JHdu.jpg,0
34351_B8QrcEUBXYK.jpg,0
16717_B8AZL03H9-w.jpg,0
2513_B7z1wk7l5BV.jpg,0
35488_B8SRUh_HVLq.jpg,0
877_B7yaaiupV1V.jpg,0
2979_B70IYaIgRbD.jpg,0
5407_B7zrPGcBNno.jpg,0
36905_B8T63FaHmdU.jpg,0
18047_B7-zMdBHejl.jpg,0
27141_B8JtsGoFgpY.jpg,0
2964_B74OVX1AzaB.jpg,0
20842_B8F24PcH5DL.jpg,0
31844_B8NzVVfHjrZ.jpg,0
13772_B7--I3CJyVc.jpg,0
28343_B8IKaI7h9CE.jpg,0
13749_B8B4GYIBULi.jpg,0
37283_B8UDZ7Zp6cY.jpg,0
3146_B7248ZqFfsc.jpg,1
11512_B76ixzXhrN7.jpg,0
25690_B8JDGAPHOBK.jpg,0
14461_B7-y3a2nDcD.jpg,0
32700_B8Qq8srlHMS.jpg,0
116_B7x85N0hWQV.jpg,0
11320_B78Yns2I2cn.jpg,0
34854_B8P9c34H78g.jpg,0
8911_B75HAyJJJ5C.jpg,0
23657_B8Mb1t4Hj8D.jpg,0
5184_B73kQLtIs2u.jpg,0
2110_B70ptWlB2Sg.jpg,0
5207_B71bl1bhkh9.jpg,0
20791_B8D6jLOpvlo.jpg,1
33696_B8POx8MpbS4.jpg,0
22969_B8EdxKkFzT2.jpg,1
8946_B79PqT_pBTp.jpg,0
7015_B716m_MlchD.jpg,0
29645_B8PE25slCox.jpg,1
25157_B8MeN4xlv3f.jpg,0
607_B7yY16JJrUC.jpg,0
35779_B8TvWOpHwbU.jpg,0
1685_B7y2g1wlY1u.jpg,0
29323_B8INYYGFMZN.jpg,0
25328_B8IdUmVA78d.jpg,0
32660_B8QDG9kponW.jpg,1
3019_B70npo2AFNe.jpg,0
13390_B8ASE0SJq6e.jpg,0
16063_B8CG79wJ7x7.jpg,0
8456_B777eXupxy8.jpg,0
14528_B7-IHqdH_fl.jpg,0
21699_B8F0fNvhRug.jpg,1
5224_B70nPSyF8Vk.jpg,0
34218_B8RDh5fI1YV.jpg,0
22310_B8Ds_LcB7-O.jpg,0
20609_B8EaSbihMNM.jpg,0
11969_B78wNslpyXp.jpg,0
16736_B7-GayWlM3w.jpg,0
18520_B8Deh-BluH6.jpg,0
7738_B79V5BgJLva.jpg,0
5913_B710nAdH8vg.jpg,0
27231_B8MPkQsioRq.jpg,0
7747_B79bqY4oYvc.jpg,1
23349_B8FM3SQCQvF.jpg,0
33912_B8RvW48Fi6X.jpg,1
34492_B8O229Wn6D5.jpg,0
22028_B8DbX0UnvBe.jpg,0
22688_B8GnkNmhZI4.jpg,1
9289_B78VeVjhuXD.jpg,1
11184_B75ZgAYhbiy.jpg,0
29666_B8RRrKgHcSx.jpg,0
23548_B8HVyd2giMc.jpg,0
34859_B8OZsU7nZ78.jpg,1
21749_B8HD-fJHgoW.jpg,0
4442_B70gwMdpptx.jpg,0
18183_B8Bu_UFpgIC.jpg,0
33762_B8RAaBqhmmo.jpg,0
3395_B74Wy9bIR-6.jpg,0
4830_B7zbId7nOHd.jpg,0
35250_B8SqS_8AkcM.jpg,0
3694_B7z219Ol3Nl.jpg,0
964_B7yW6N_BJKr.jpg,0
14706_B8CU8rMpzwE.jpg,0
5727_B74aUlhhP_E.jpg,0
11551_B76tKH7nXgd.jpg,1
34862_B8PjFrwpQ12.jpg,0
13514_B8B5IHejuG3.jpg,0
17034_B8BNndajSbm.jpg,0
18932_B8GJFZNgLKn.jpg,1
5665_B73xU5LF226.jpg,0
25241_B8K8jhbH7vg.jpg,1
15241_B7-oL_hjjy-.jpg,0
25840_B8IVEoVJY6f.jpg,0
2995_B73JDztAFPb.jpg,0
1073_B7yNy2EHFtD.jpg,0
31855_B8N3jQ7BXD0.jpg,0
4221_B72xnxPJ8l5.jpg,0
19874_B8Gceg3p41g.jpg,0
23243_B8DPHEElY8T.jpg,0
22465_B8GnENzJDlN.jpg,0
27941_B8JYtCIF1wy.jpg,0
7661_B786qp_AJzR.jpg,0
2800_B70Rkengoet.jpg,0
31932_B8Pvj5TFFgN.jpg,0
3428_B74Ry9inyLF.jpg,1
16090_B7-JgBFhJDy.jpg,0
30418_B8OlnoUHn2O.jpg,0
4111_B7zogLcBSTY.jpg,1
27621_B8H4U43H0kp.jpg,0
16459_B8B-j6ihIyS.jpg,0
6986_B73NFSeAPtt.jpg,0
10633_B79XIYwBdqB.jpg,0
12604_B78OUg6l6ZO.jpg,0
221_B7x7HMcJGGm.jpg,0
23503_B8EU54vhxik.jpg,0
24135_B8LiMd7lRvM.jpg,0
23307_B8C3pBzB9X0.jpg,0
23918_B8JZQ8RlYNb.jpg,0
33548_B8RRtAjJtH9.jpg,0
370_B7y-5dVlgVE.jpg,0
1362_B7xqjSJDTXK.jpg,0
1585_B7ygnG0BS6i.jpg,0
28064_B8LkHtLjyJo.jpg,0
3452_B70HKXtFlNS.jpg,0
30801_B8RPr7XhNJv.jpg,1
8845_B77zrx8HvZd.jpg,0
38427_B8UC0BZFTa7.jpg,0
31097_B8Qcp7nHq4r.jpg,0
13971_B7_2co9oqyq.jpg,0
5217_B738Ao0Hf8l.jpg,0
14917_B7_eFS7hQUc.jpg,0
33201_B8PVa1EHtk-.jpg,0
34309_B8Nm1FFF2HO.jpg,0
32819_B8Qbv0zl_zU.jpg,0
27161_B8IJreNJpAo.jpg,0
5675_B70Ev8EnBBt.jpg,0
27418_B8L9zWAHYuY.jpg,0
32478_B8NcTVlg3Fj.jpg,0
30879_B8OYQkYAZVm.jpg,0
14459_B8CiFBshM4Z.jpg,0
27089_B8MJWAAH2DL.jpg,0
35848_B8S8AsjgZdU.jpg,0
7364_B76bYk4nrg7.jpg,0
32551_B8RBzovlW5l.jpg,0
4148_B73kuLYn5z9.jpg,0
18068_B7-w3FQhyCs.jpg,0
37398_B8Ub82XlqTp.jpg,0
36643_B8UXqymAHU_.jpg,0
20782_B8Gac2WiuLW.jpg,0
18317_B8B28Zth_AM.jpg,0
14007_B7-g5UhAePf.jpg,0
22241_B8EW41Ln5kN.jpg,0
6653_B73QHPnlPbO.jpg,1
21826_B8G3bERJDgf.jpg,0
15007_B8BUFX_n3N9.jpg,0
26658_B8JaFUPl1Qj.jpg,0
36839_B8Td9n_Jxvl.jpg,0
3792_B70eSfZgyTC.jpg,0
15551_B79uYBYggf0.jpg,0
35733_B8UDXX0nBlp.jpg,0
20414_B8EgxjtB7_-.jpg,0
8812_B772q6ynoG9.jpg,0
29127_B8JqNMxAum_.jpg,0
37885_B8Tv8CpnsiP.jpg,1
13250_B8BtrTSBtS0.jpg,0
37817_B8VM65RBHwt.jpg,0
4419_B73Jxz6BljN.jpg,1
31191_B8R8xP6pDaT.jpg,0
9582_B76SQdDJiHd.jpg,0
765_B7ym9Cgp85b.jpg,0
24679_B8Ko9iUhqb1.jpg,1
24258_B8JY6aHprJm.jpg,0
23950_B8MGUgUFcX1.jpg,0
34821_B8Nws_3oJIp.jpg,0
8274_B78urbWoJgQ.jpg,0
22728_B8EFV8cBYbH.jpg,0
16208_B7_m1yvAFGv.jpg,0
26229_B8Jp7iLB7q-.jpg,0
9431_B76qrcQBFk_.jpg,0
36340_B8UXaEqnsoT.jpg,0
2901_B70iqsuBQYC.jpg,0
11727_B79TlLqgPOf.jpg,0
29225_B8JtmCZF6MQ.jpg,0
128_B7x_X2-hwA1.jpg,0
28331_B8Jo0bPBlCI.jpg,0
30278_B8PRWcBpcB0.jpg,0
19486_B8HHFagItJK.jpg,0
2704_B70rj1KJ5ao.jpg,0
721_B7ydd-nF_29.jpg,0
6880_B71GOb7J2hH.jpg,0
36246_B8UYc5rAjcl.jpg,0
35665_B8Sq-a6jGzG.jpg,0
13952_B8Br86Sozqb.jpg,0
6800_B72OXTpJ0JK.jpg,1
20838_B8E5PRbJpl7.jpg,0
21807_B8Gc1MyH49h.jpg,1
26324_B8KuWGehP5k.jpg,0
7262_B787zkqHb4d.jpg,0
34385_B8RlMmJll9M.jpg,1
2884_B708WVzDwZc.jpg,0
6750_B7088NUlDbZ.jpg,0
21181_B8GbQiiBFRR.jpg,0
4437_B72pWJaJShj.jpg,0
24338_B8L-7CJl05L.jpg,0
13392_B8B3Khnpffs.jpg,0
14466_B796Bmsg_P3.jpg,0
19585_B8G1kjgI06P.jpg,0
29172_B8KT-owBcGH.jpg,0
37511_B8S6fYuJ8Gy.jpg,0
5018_B74AM-hlAC8.jpg,1
34849_B8NXcSRnGYV.jpg,0
3489_B73zpALnOGo.jpg,0
9412_B76C2AEgy-A.jpg,0
4368_B702BVglbYA.jpg,1
20484_B8E0XlBnc5B.jpg,0
25676_B8KAeKOFItO.jpg,0
20927_B8HPbiIhNTa.jpg,1
29560_B8JujbjHORC.jpg,1
17686_B7_yPqlg7oO.jpg,0
26681_B8KvOjkHilo.jpg,0
24035_B8M5Tj3Azzk.jpg,1
11356_B77hNlfjRKY.jpg,0
21000_B8E-Dg2hGpx.jpg,0
16634_B7-8ZpGIf_S.jpg,0
11929_B79eJkpgWrp.jpg,0
2702_B7zmY4NgHpW.jpg,0
17675_B8Bo3ggn9Ea.jpg,0
1000_B7ydeQ9lPYw.jpg,0
6837_B74ZcfYJ7jv.jpg,0
23814_B8Ls1Kgl0cP.jpg,0
35175_B8NeDo8Fj6W.jpg,0
27926_B8JlT73p65o.jpg,1
17149_B7-JjcnFO0P.jpg,0
4618_B73b0unJJVg.jpg,0
1007_B7x6JPJFjHQ.jpg,0
1268_B7y0X9lnpq4.jpg,0
10304_B788buDHmO6.jpg,0
17360_B8Aaa1enu9P.jpg,0
27801_B8MqnPOoTYN.jpg,1
38384_B8UmPx_A-E6.jpg,0
19318_B8HB1PkBHek.jpg,0
12824_B8Aiq1xnb6n.jpg,0
20202_B8FxjDAHE8m.jpg,0
2632_B725TboApq-.jpg,0
13448_B8Ayx9XFXXd.jpg,0
14905_B7_dfAeJc-I.jpg,0
27386_B8MWF9ZpY3w.jpg,0
22440_B8HUfz-nJ62.jpg,0
11986_B749h6PHgZV.jpg,0
23589_B8G4e-oCHPf.jpg,1
29662_B8OT1_VJjJ8.jpg,0
10312_B77MqQ0lU4U.jpg,0
29858_B8RoP-SHFda.jpg,0
4192_B74JjEVpSOd.jpg,0
33242_B8PKu4Hl2eP.jpg,0
10255_B764OH7FeoE.jpg,0
30098_B8QUmfVKfK7.jpg,0
2157_B7xy9Qcn6LR.jpg,0
36133_B8UBGihFjMt.jpg,0
18544_B8G-fRaF8Br.jpg,0
36883_B8Ual0rB_HP.jpg,0
7804_B78_0unqspn.jpg,0
17933_B8APgmLFYgS.jpg,0
29139_B8K4i3wJGgf.jpg,0
15982_B7_tbHNFPx1.jpg,1
26336_B8Jm7gulQiO.jpg,1
34411_B8QwxzAB1Jr.jpg,0
12196_B75CmlZlhv_.jpg,0
31163_B8PXoS6lrfA.jpg,0
5290_B72fXaMlPqU.jpg,0
6330_B71XA9tBPxb.jpg,0
28824_B8JxQjaFBEJ.jpg,0
13394_B8CNYTtAA2X.jpg,0
10989_B75oqYwpZ_c.jpg,0
19053_B8E7oQ0ACYQ.jpg,0
1677_B7zG2yNDGxp.jpg,0
6825_B72r25vAOrN.jpg,0
3579_B73U-r9Jfgl.jpg,0
30264_B8OXiPOnlnh.jpg,1
33722_B8NQMSXIQqi.jpg,1
34644_B8Pkl2JgWHY.jpg,0
19066_B8GFi2njvGy.jpg,0
25030_B8Kr4XVgR6c.jpg,1
15364_B7_oERBg0oj.jpg,0
20735_B8E5uA0gqzx.jpg,0
4946_B703hktFIia.jpg,0
5688_B74LDCBHPp4.jpg,0
17439_B7_-De3AglP.jpg,0
26474_B8JOb5xHfTm.jpg,0
16098_B8BOo6vnN6G.jpg,0
37964_B8T9w9mFv-n.jpg,0
30383_B8NST3bFMot.jpg,0
17993_B8ChzI8nkCH.jpg,0
30393_B8O4pGip48f.jpg,0
488_B7xv8KwBiXL.jpg,0
3781_B72okjaFLHy.jpg,0
29884_B8Q2ETfBkaW.jpg,0
30272_B8NYwQHhjB8.jpg,1
36888_B8SWSg6A94R.jpg,0
8763_B76Jz2EA9GZ.jpg,0
6968_B72sn4kHnji.jpg,0
11238_B78lBOmC5fo.jpg,1
18811_B8Gk7jeC5bm.jpg,0
10329_B75krDGDQ5C.jpg,0
9606_B785Drpg0Wp.jpg,1
28262_B8KiBr1phaD.jpg,0
5567_B72z4lQhYvT.jpg,1
8245_B78uln5lys_.jpg,0
28904_B8I1N3XplWQ.jpg,0
15189_B7-yr0sAFko.jpg,0
32789_B8SEIvBFWVl.jpg,0
9106_B79ZGoABwvC.jpg,0
5286_B73fvIFhCWy.jpg,0
30411_B8OYTqWHKeL.jpg,0
26442_B8KHWC0Haeh.jpg,0
11349_B78kwhBFWwq.jpg,1
23822_B8JkRTgFHda.jpg,0
6457_B72h3wanAx-.jpg,0
1210_B7zJCBTn-om.jpg,0
6233_B731jnVpMeP.jpg,0
19950_B8EByeHjn4v.jpg,1
28190_B8L1eX3HKcf.jpg,1
21609_B8HQkEfJxZi.jpg,0
25704_B8J0UqvlF0X.jpg,0
32682_B8QV0Rmo0RZ.jpg,0
3745_B70zi8dnH0F.jpg,0
27589_B8M7t0ygCHw.jpg,0
2323_B7z9CCPlH0t.jpg,0
2446_B73r9hTFk2X.jpg,0
1439_B7ytgJLB2nn.jpg,0
28309_B8KKojxnUVv.jpg,0
26805_B8J5xEllkSw.jpg,0
27000_B8Mrsi8l7q4.jpg,0
19957_B8FvK4uBwrS.jpg,0
5681_B71hPhigjGn.jpg,0
35765_B8U767qHHpt.jpg,0
16669_B8B_b2upWr1.jpg,0
11113_B79WV19lDye.jpg,0
11999_B79H0GSAeRT.jpg,0
33101_B8OWQPJhbkC.jpg,0
1803_B7ydHgyp03C.jpg,0
31870_B8Nz88GF4tI.jpg,0
26781_B8Kf0VslDui.jpg,0
8357_B78vo68JIyw.jpg,0
13748_B8ACzIGgUzT.jpg,0
32564_B8NJR2wgjQb.jpg,0
13624_B7-bpmhhctY.jpg,0
22710_B8C83A7BDOA.jpg,0
30774_B8M9gwcHmb6.jpg,0
1128_B7yXwHapzgD.jpg,1
12498_B79TpHZncBX.jpg,0
29989_B8N6CfZHj9j.jpg,0
13608_B8ADMrcjnCe.jpg,0
25268_B8MAI0Kgrbu.jpg,0
5736_B73NrLmjl_e.jpg,0
3125_B70HSkeFhrT.jpg,1
32990_B8OpN2VFCU9.jpg,0
32801_B8R0MaFBqwW.jpg,0
31585_B8RlrwqnS45.jpg,1
32480_B8N7_LGlj-S.jpg,1
31818_B8RNrSjh1RY.jpg,0
8616_B78gSkbnEo5.jpg,0
4584_B72Z5Pqhu9O.jpg,0
28720_B8K6bicnRwE.jpg,0
27024_B8Ja4I7F36b.jpg,0
22171_B8HYG9Oh8Pp.jpg,0
1167_B7yL-lOFoVk.jpg,0
35197_B8VMJjGosdE.jpg,0
20120_B8GtaxEAlFA.jpg,0
34562_B8R9lSaHuYz.jpg,0
5589_B700hJJHlI9.jpg,1
